#,Name,Team,K/9,BB/9,K/BB,HR/9,K%,BB%,K-BB%,SO,AVG,WHIP,BABIP,LOB%,ERA-,FIP-,xFIP-,ERA,FIP,E-F,xFIP,SIERA,IP
1,Brandon Guyer,Indians,0.00,0.00,0.00,0.00,0.0 %,0.0 %,0.0 %,0,.000,0.00,.000,100.0 %,0,76,154,0.00,3.16,-3.16,6.42,7.34,1.0
2,Anthony Rizzo,Cubs,0.00,0.00,0.00,0.00,0.0 %,0.0 %,0.0 %,0,.000,0.00,.000,100.0 %,0,77,197,0.00,3.16,-3.16,8.06,13.24,0.1
3,Pat Neshek,Phillies,6.75,1.13,6.00,0.00,19.4 %,3.2 %,16.1 %,6,.200,0.88,.250,100.0 %,0,48,104,0.00,2.03,-2.03,4.28,3.96,8.0
4,Pablo Sandoval,Giants,0.00,0.00,0.00,0.00,0.0 %,0.0 %,0.0 %,0,.000,0.00,.000,100.0 %,0,81,77,0.00,3.16,-3.16,3.16,-1.19,1.0
5,Ryan Brasier,Red Sox,7.71,2.57,3.00,0.00,24.0 %,8.0 %,16.0 %,6,.130,0.71,.176,100.0 %,0,56,89,0.00,2.30,-2.30,3.70,3.57,7.0
6,Hernan Perez,Brewers,3.86,3.86,1.00,0.00,10.0 %,10.0 %,0.0 %,1,.125,0.86,.143,100.0 %,0,116,170,0.00,4.87,-4.87,6.97,5.83,2.1
7,Matt Davidson,White Sox,9.00,0.00,1.00,0.00,33.3 %,0.0 %,33.3 %,1,.000,0.00,.000,100.0 %,0,28,67,0.00,1.16,-1.16,2.79,2.61,1.0
8,Alex Avila,Diamondbacks,0.00,0.00,0.00,0.00,0.0 %,0.0 %,0.0 %,0,.143,0.50,.143,100.0 %,0,77,157,0.00,3.16,-3.16,6.42,7.92,2.0
9,Mark Reynolds,Nationals,0.00,0.00,0.00,0.00,0.0 %,0.0 %,0.0 %,0,.000,0.00,.000,100.0 %,0,78,77,0.00,3.16,-3.16,3.16,-1.19,0.1
10,Kendrys Morales,Blue Jays,0.00,9.00,0.00,0.00,0.0 %,25.0 %,-25.0 %,0,.000,1.00,.000,100.0 %,0,146,264,0.00,6.16,-6.16,11.06,13.41,1.0
11,Zac Rosscup,Dodgers,9.00,9.00,1.00,0.00,25.0 %,25.0 %,0.0 %,1,.000,1.00,.000,100.0 %,0,103,181,0.00,4.16,-4.16,7.42,7.37,1.0
12,Ian Krol,Angels,9.00,4.50,2.00,0.00,25.0 %,12.5 %,12.5 %,2,.143,1.00,.200,100.0 %,0,65,83,0.00,2.66,-2.66,3.47,3.21,2.0
13,Scott Copeland,Mets,13.50,0.00,2.00,0.00,40.0 %,0.0 %,40.0 %,2,.200,0.75,.333,100.0 %,0,3,3,0.00,0.16,-0.16,0.16,0.40,1.1
14,Greg Garcia,Cardinals,0.00,0.00,0.00,0.00,0.0 %,0.0 %,0.0 %,0,.333,1.00,.333,100.0 %,0,78,117,0.00,3.16,-3.16,4.79,4.71,1.0
15,Bryan Holaday,Marlins,9.00,0.00,1.00,0.00,33.3 %,0.0 %,33.3 %,1,.000,0.00,.000,100.0 %,0,29,108,0.00,1.16,-1.16,4.42,4.44,1.0
16,Ryan Rua,Rangers,9.00,0.00,1.00,0.00,33.3 %,0.0 %,33.3 %,1,.000,0.00,.000,100.0 %,0,28,28,0.00,1.16,-1.16,1.16,1.13,1.0
17,Colten Brewer,Padres,9.00,6.00,1.50,0.00,18.8 %,12.5 %,6.3 %,3,.357,2.33,.455,42.9 %,0,78,117,0.00,3.16,-3.16,4.79,4.50,3.0
18,Alec Asher,Brewers,6.00,3.00,2.00,0.00,15.4 %,7.7 %,7.7 %,2,.167,1.00,.200,100.0 %,0,67,135,0.00,2.82,-2.82,5.55,4.92,3.0
19,Joey Krehbiel,Diamondbacks,0.00,6.00,0.00,0.00,0.0 %,16.7 %,-16.7 %,0,.100,1.00,.100,100.0 %,0,126,193,0.00,5.16,-5.16,7.88,8.33,3.0
20,Austin Adams,Nationals,0.00,27.00,0.00,0.00,0.0 %,42.9 %,-42.9 %,0,.250,4.00,.250,100.0 %,0,301,338,0.00,12.16,-12.16,13.79,14.22,1.0
21,Daniel Robertson,Rays,0.00,0.00,0.00,0.00,0.0 %,0.0 %,0.0 %,0,.000,0.00,.000,100.0 %,0,78,154,0.00,3.16,-3.16,6.42,9.75,1.0
22,Rob Whalen,Mariners,0.00,2.25,0.00,0.00,0.0 %,7.1 %,-7.1 %,0,.077,0.50,.077,100.0 %,0,95,133,0.00,3.91,-3.91,5.54,6.39,4.0
23,Carlos Tocci,Rangers,0.00,0.00,0.00,0.00,0.0 %,0.0 %,0.0 %,0,.000,0.00,.000,100.0 %,0,74,193,0.00,3.16,-3.16,8.06,13.24,0.2
24,James Hoyt,Astros,0.00,27.00,0.00,0.00,0.0 %,33.3 %,-33.3 %,0,.500,6.00,.500,100.0 %,0,292,290,0.00,12.16,-12.16,12.16,9.01,0.1
25,Alex Reyes,Cardinals,4.50,4.50,1.00,0.00,13.3 %,13.3 %,0.0 %,2,.250,1.25,.300,100.0 %,0,109,148,0.00,4.41,-4.41,6.04,6.02,4.0
26,Victor Alcantara,Tigers,3.18,1.59,2.00,0.00,8.7 %,4.4 %,4.4 %,2,.227,1.06,.250,100.0 %,0,70,99,0.00,2.98,-2.98,4.13,3.76,5.2
27,Johnny Field,Rays,0.00,9.00,0.00,0.00,0.0 %,25.0 %,-25.0 %,0,.000,1.00,.000,100.0 %,0,151,264,0.00,6.16,-6.16,11.06,13.41,1.0
28,Daniel Poncedeleon,Cardinals,3.86,3.86,1.00,0.00,12.5 %,12.5 %,0.0 %,3,.000,0.43,.000,100.0 %,0,88,133,0.00,3.59,-3.59,5.45,6.13,7.0
29,Sam Howard,Rockies,0.00,0.00,0.00,0.00,0.0 %,0.0 %,0.0 %,0,.250,1.00,.250,100.0 %,0,72,157,0.00,3.16,-3.16,6.42,6.03,1.0
30,Alex Blandino,Reds,18.00,0.00,2.00,0.00,50.0 %,0.0 %,50.0 %,2,.250,1.00,.500,100.0 %,0,-21,-21,0.00,-0.84,0.84,-0.84,0.32,1.0
31,Sandy Baez,Tigers,8.31,6.23,1.33,0.00,23.5 %,17.7 %,5.9 %,4,.000,0.69,.000,100.0 %,0,96,134,0.00,4.08,-4.08,5.59,4.99,4.1
32,Ian Happ,Cubs,0.00,0.00,0.00,0.00,0.0 %,0.0 %,0.0 %,0,.250,1.00,.250,100.0 %,0,77,117,0.00,3.16,-3.16,4.79,5.14,1.0
33,Miguel Diaz,Padres,22.50,0.00,5.00,0.00,62.5 %,0.0 %,62.5 %,5,.125,0.50,.333,100.0 %,0,-47,-26,0.00,-1.84,1.84,-1.03,-0.10,2.0
34,Matthew Festa,Mariners,0.00,0.00,0.00,0.00,0.0 %,0.0 %,0.0 %,0,.500,3.00,.500,100.0 %,0,77,134,0.00,3.16,-3.16,5.61,5.14,0.2
35,Corbin Burnes,Brewers,11.57,2.57,4.50,0.00,37.5 %,8.3 %,29.2 %,9,.091,0.57,.154,100.0 %,0,34,58,0.00,1.44,-1.44,2.38,2.13,7.0
36,Collin McHugh,Astros,11.33,1.89,6.00,0.57,34.1 %,5.7 %,28.4 %,60,.142,0.69,.202,91.5 %,23,57,74,0.94,2.34,-1.39,3.06,2.32,47.2
37,Blake Treinen,Athletics,11.47,3.18,3.61,0.18,31.3 %,8.7 %,22.6 %,65,.168,0.98,.250,82.3 %,26,47,65,1.06,1.92,-0.86,2.69,2.77,51.0
38,Oliver Perez,Indians,9.19,1.15,8.00,0.57,29.1 %,3.6 %,25.5 %,16,.113,0.51,.139,90.9 %,27,56,78,1.15,2.33,-1.18,3.27,2.66,15.2
39,Cory Mazzoni,Cubs,5.87,5.87,1.00,0.00,15.2 %,15.2 %,0.0 %,5,.179,1.30,.217,90.0 %,29,93,124,1.17,3.81,-2.64,5.09,5.29,7.2
40,Jeremy Jeffress,Brewers,9.75,2.44,4.00,0.56,28.6 %,7.1 %,21.4 %,52,.183,0.92,.246,90.5 %,32,62,66,1.31,2.62,-1.30,2.72,2.67,48.0
41,Xavier Cedeno,White Sox,10.80,5.40,2.00,0.00,30.8 %,15.4 %,15.4 %,16,.136,1.05,.214,78.6 %,32,60,82,1.35,2.56,-1.21,3.41,3.71,13.1
42,Lou Trivino,Athletics,10.49,3.69,2.84,0.58,30.0 %,10.6 %,19.4 %,54,.161,0.97,.221,93.1 %,33,71,74,1.36,2.90,-1.54,3.08,3.13,46.1
43,Kirby Yates,Padres,11.64,2.56,4.55,0.23,32.9 %,7.2 %,25.7 %,50,.159,0.85,.241,86.7 %,36,49,66,1.40,1.99,-0.60,2.71,2.46,38.2
44,Yency Almonte,Rockies,2.84,2.84,1.00,0.00,8.0 %,8.0 %,0.0 %,2,.304,1.42,.333,66.7 %,30,79,104,1.42,3.47,-2.05,4.25,4.68,6.1
45,Josh Hader,Brewers,16.81,3.40,4.95,0.72,50.5 %,10.2 %,40.3 %,94,.126,0.79,.246,90.1 %,34,37,42,1.43,1.59,-0.16,1.72,1.43,50.1
46,Sean Doolittle,Nationals,11.81,0.72,16.33,0.72,37.1 %,2.3 %,34.9 %,49,.134,0.54,.187,89.9 %,35,48,67,1.45,1.98,-0.53,2.77,1.87,37.1
47,Will Smith,Giants,12.19,2.03,6.00,0.00,35.6 %,5.9 %,29.7 %,42,.171,0.84,.275,76.9 %,37,28,59,1.45,1.12,0.33,2.44,2.16,31.0
48,Justin Hancock,Cubs,8.03,6.57,1.22,0.73,22.5 %,18.4 %,4.1 %,11,.125,1.14,.143,95.2 %,36,112,126,1.46,4.62,-3.16,5.15,5.28,12.1
49,Brandon Morrow,Cubs,9.10,2.64,3.44,0.59,25.4 %,7.4 %,18.0 %,31,.214,1.08,.278,93.0 %,36,72,77,1.47,2.96,-1.49,3.18,3.10,30.2
50,Hector Rondon,Astros,11.64,2.72,4.27,0.25,32.2 %,7.5 %,24.7 %,47,.215,1.10,.322,85.5 %,37,45,64,1.49,1.84,-0.35,2.65,2.58,36.1
51,Vidal Nuno,Rays,6.38,3.38,1.89,1.13,18.1 %,9.6 %,8.5 %,17,.165,0.96,.169,95.7 %,37,110,129,1.50,4.49,-2.99,5.38,4.93,24.0
52,Andrew Chafin,Diamondbacks,9.08,4.29,2.12,0.00,24.7 %,11.6 %,13.0 %,36,.189,1.15,.264,83.7 %,37,67,96,1.51,2.74,-1.22,3.93,3.88,35.2
53,Adam Ottavino,Rockies,13.69,3.61,3.79,0.38,39.8 %,10.5 %,29.3 %,72,.157,0.93,.271,86.0 %,32,47,58,1.52,2.06,-0.54,2.41,2.29,47.1
54,Wade Miley,Brewers,5.71,5.71,1.00,0.00,14.7 %,14.7 %,0.0 %,11,.190,1.33,.231,83.3 %,37,94,122,1.56,3.96,-2.41,5.00,5.54,17.1
55,Jared Hughes,Reds,6.92,2.42,2.86,0.35,19.5 %,6.8 %,12.7 %,40,.228,1.10,.279,89.0 %,38,72,82,1.56,3.04,-1.48,3.36,3.13,52.0
56,Arodys Vizcaino,Braves,9.37,3.31,2.83,0.55,25.6 %,9.0 %,16.5 %,34,.210,1.13,.277,91.2 %,41,78,98,1.65,3.16,-1.50,4.01,3.58,32.2
57,Bobby Poyner,Red Sox,8.44,0.84,10.00,0.84,22.7 %,2.3 %,20.5 %,10,.279,1.22,.344,94.8 %,39,68,78,1.69,2.78,-1.09,3.25,3.19,10.2
58,Jacob deGrom,Mets,10.90,2.19,4.97,0.48,30.8 %,6.2 %,24.6 %,159,.198,0.97,.281,84.3 %,44,55,67,1.71,2.27,-0.56,2.77,2.95,131.1
59,David Hernandez,Reds,8.75,3.25,2.69,0.25,24.1 %,9.0 %,15.2 %,35,.185,1.03,.245,82.5 %,43,67,103,1.75,2.82,-1.07,4.23,3.74,36.0
60,Jonathan Holder,Yankees,7.90,1.32,6.00,0.22,22.9 %,3.8 %,19.1 %,36,.173,0.78,.221,66.5 %,41,52,102,1.76,2.23,-0.47,4.26,3.56,41.0
61,Ariel Miranda,Mariners,9.00,7.20,1.25,0.00,20.8 %,16.7 %,4.2 %,5,.300,2.00,.400,90.0 %,45,87,116,1.80,3.56,-1.76,4.86,5.49,5.0
62,Sandy Alcantara,Marlins,3.60,9.00,0.40,0.00,9.5 %,23.8 %,-14.3 %,2,.188,1.60,.214,87.5 %,45,134,179,1.80,5.36,-3.56,7.32,8.40,5.0
63,Reyes Moronta,Giants,10.20,5.00,2.04,0.40,28.8 %,14.1 %,14.7 %,51,.138,1.02,.192,81.0 %,46,80,97,1.80,3.13,-1.33,3.97,3.86,45.0
64,T.J. McFarland,Diamondbacks,4.68,2.11,2.21,0.60,13.0 %,5.9 %,7.1 %,31,.246,1.16,.270,88.3 %,44,90,93,1.81,3.69,-1.88,3.81,3.53,59.2
65,Kelvin Herrera,- - -,7.85,1.85,4.25,1.15,21.8 %,5.1 %,16.7 %,34,.224,1.05,.259,97.1 %,44,93,102,1.85,3.77,-1.93,4.20,3.61,39.0
66,Tony Sipp,Astros,9.99,2.96,3.38,0.00,29.0 %,8.6 %,20.4 %,27,.190,0.99,.281,80.0 %,46,50,78,1.85,2.05,-0.20,3.26,3.04,24.1
67,Zac Curtis,Phillies,9.31,9.31,1.00,0.00,22.7 %,22.7 %,0.0 %,10,.182,1.66,.261,88.2 %,46,106,151,1.86,4.50,-2.64,6.19,6.03,9.2
68,Craig Kimbrel,Red Sox,13.29,3.38,3.94,1.05,38.4 %,9.8 %,28.7 %,63,.155,0.91,.225,93.8 %,44,70,67,1.90,2.85,-0.95,2.78,2.37,42.2
69,Edubray Ramos,Phillies,9.00,3.55,2.54,0.55,24.3 %,9.6 %,14.7 %,33,.221,1.21,.287,81.2 %,47,76,110,1.91,3.22,-1.31,4.51,3.92,33.0
70,Ryne Stanek,Rays,11.23,3.82,2.94,0.48,31.5 %,10.7 %,20.8 %,47,.158,0.98,.226,84.8 %,47,65,90,1.91,2.63,-0.71,3.76,3.36,37.2
71,Jhan Marinez,Orioles,3.86,5.79,0.67,1.93,9.5 %,14.3 %,-4.8 %,2,.278,1.71,.267,90.9 %,45,162,135,1.93,7.01,-5.09,5.63,5.93,4.2
72,Kyle Crick,Pirates,9.40,3.86,2.44,0.24,24.7 %,10.1 %,14.6 %,39,.197,1.18,.265,79.8 %,48,67,103,1.93,2.70,-0.77,4.24,3.82,37.1
73,Richard Bleier,Orioles,4.13,1.10,3.75,0.00,11.3 %,3.0 %,8.3 %,15,.281,1.22,.319,82.9 %,45,63,96,1.93,2.70,-0.77,4.00,3.78,32.2
74,Tony Watson,Giants,9.13,1.79,5.11,0.60,25.8 %,5.1 %,20.8 %,46,.220,1.01,.286,86.5 %,51,68,74,1.99,2.65,-0.66,3.05,2.92,45.1
75,Jose Leclerc,Rangers,13.12,4.54,2.89,0.00,36.1 %,12.5 %,23.6 %,52,.145,1.01,.250,63.2 %,46,46,80,2.02,1.92,0.10,3.34,2.92,35.2
76,Aroldis Chapman,Yankees,15.30,4.28,3.58,0.23,42.8 %,12.0 %,30.8 %,68,.132,0.93,.254,80.8 %,48,42,60,2.03,1.81,0.22,2.50,2.26,40.0
77,Randy Rosario,Cubs,4.94,4.06,1.21,1.16,13.3 %,10.9 %,2.3 %,17,.237,1.32,.247,93.2 %,50,124,119,2.03,5.09,-3.06,4.89,5.00,31.0
78,Keynan Middleton,Angels,8.15,4.58,1.78,0.51,22.5 %,12.7 %,9.9 %,16,.230,1.30,.295,88.5 %,50,92,115,2.04,3.78,-1.74,4.80,4.43,17.2
79,Silvino Bracho,Diamondbacks,11.72,2.55,4.60,0.00,33.3 %,7.3 %,26.1 %,23,.148,0.79,.237,76.5 %,50,46,80,2.04,1.91,0.13,3.30,2.54,17.2
80,Seranthony Dominguez,Phillies,11.53,2.36,4.89,0.26,33.9 %,6.9 %,26.9 %,44,.143,0.76,.216,75.2 %,52,45,63,2.10,1.93,0.16,2.60,2.31,34.1
81,Hyun-Jin Ryu,Dodgers,10.92,3.03,3.60,0.91,31.3 %,8.7 %,22.6 %,36,.154,0.88,.200,87.7 %,55,78,73,2.12,3.16,-1.03,3.00,3.11,29.2
82,Chris Sale,Red Sox,13.13,2.07,6.35,0.67,37.5 %,5.9 %,31.6 %,197,.179,0.87,.277,82.5 %,49,52,58,2.13,2.11,0.02,2.40,2.36,135.0
83,Steve Cishek,Cubs,9.71,3.69,2.63,0.39,25.9 %,9.8 %,16.1 %,50,.196,1.12,.267,81.5 %,52,77,95,2.14,3.18,-1.04,3.89,3.49,46.1
84,Edwin Diaz,Mariners,14.76,2.52,5.86,0.36,43.2 %,7.4 %,35.8 %,82,.157,0.82,.284,75.8 %,53,36,46,2.16,1.48,0.68,1.90,1.67,50.0
85,Justin Verlander,Astros,11.46,1.63,7.04,1.00,33.0 %,4.7 %,28.3 %,183,.184,0.85,.248,85.4 %,54,66,80,2.19,2.75,-0.55,3.35,2.83,143.2
86,Raisel Iglesias,Reds,9.40,3.00,3.13,1.20,26.9 %,8.6 %,18.3 %,47,.182,0.98,.217,92.9 %,54,92,87,2.20,3.87,-1.67,3.59,3.33,45.0
87,Matt Strahm,Padres,8.59,3.44,2.50,0.74,23.5 %,9.4 %,14.1 %,35,.165,0.98,.200,79.9 %,57,90,110,2.21,3.62,-1.41,4.52,4.07,36.2
88,Daniel Corcino,Dodgers,2.25,6.75,0.33,0.00,5.6 %,16.7 %,-11.1 %,1,.143,1.25,.154,66.7 %,58,141,188,2.25,5.66,-3.41,7.70,7.21,4.0
89,Duane Underwood Jr.,Cubs,6.75,6.75,1.00,2.25,18.8 %,18.8 %,0.0 %,3,.154,1.25,.111,100.0 %,55,174,135,2.25,7.16,-4.91,5.54,6.12,4.0
90,Taylor Cole,Angels,9.75,3.00,3.25,0.75,30.2 %,9.3 %,20.9 %,13,.179,0.92,.240,83.3 %,55,75,67,2.25,3.07,-0.82,2.81,2.90,12.0
91,Jimmie Sherfy,Diamondbacks,6.75,9.00,0.75,2.25,16.7 %,22.2 %,-5.6 %,3,.143,1.50,.100,100.0 %,55,193,174,2.25,7.91,-5.66,7.11,6.92,4.0
92,Paul Fry,Orioles,9.75,0.75,13.00,0.00,27.7 %,2.1 %,25.5 %,13,.244,1.00,.344,53.9 %,53,35,56,2.25,1.49,0.76,2.31,2.09,12.0
93,Blake Snell,Rays,10.13,3.55,2.85,0.91,28.3 %,9.9 %,18.4 %,134,.188,1.07,.243,86.3 %,56,84,86,2.27,3.43,-1.16,3.57,3.71,119.0
94,Richard Rodriguez,Pirates,11.44,1.83,6.25,0.69,32.3 %,5.2 %,27.1 %,50,.226,1.04,.323,84.7 %,57,57,79,2.29,2.29,0.00,3.25,2.49,39.1
95,Matt Barnes,Red Sox,13.60,4.60,2.95,0.21,36.3 %,12.3 %,24.0 %,65,.160,1.09,.267,79.4 %,53,50,63,2.30,2.04,0.26,2.61,2.77,43.0
96,Blake Wood,Angels,7.71,5.40,1.43,0.77,21.3 %,14.9 %,6.4 %,10,.205,1.29,.250,89.0 %,57,113,114,2.31,4.61,-2.30,4.76,4.63,11.2
97,Yoshihisa Hirano,Diamondbacks,8.23,3.16,2.60,0.84,23.1 %,8.9 %,14.2 %,39,.211,1.10,.257,80.7 %,57,91,97,2.32,3.74,-1.42,3.98,3.69,42.2
98,Kenley Jansen,Dodgers,9.90,2.34,4.23,1.08,27.5 %,6.5 %,21.0 %,55,.182,0.94,.222,80.3 %,60,82,84,2.34,3.30,-0.96,3.47,3.06,50.0
99,Josh Fields,Dodgers,7.34,2.36,3.11,1.05,21.7 %,7.0 %,14.7 %,28,.192,0.93,.216,87.1 %,61,95,111,2.36,3.83,-1.47,4.55,4.09,34.1
100,Victor Arano,Phillies,9.95,3.08,3.23,0.47,26.9 %,8.3 %,18.6 %,42,.204,1.11,.276,82.1 %,58,64,89,2.37,2.74,-0.37,3.64,3.32,38.0
101,Clay Buchholz,Diamondbacks,7.15,1.79,4.00,0.99,20.0 %,5.0 %,15.0 %,36,.212,0.99,.240,84.6 %,58,89,100,2.38,3.66,-1.28,4.10,4.10,45.1
102,Tony Barnette,Rangers,8.89,1.71,5.20,0.68,25.0 %,4.8 %,20.2 %,26,.196,0.91,.246,64.7 %,54,70,79,2.39,2.97,-0.57,3.28,2.93,26.1
103,Adam Warren,Yankees,11.62,4.10,2.83,0.68,29.6 %,10.4 %,19.1 %,34,.235,1.37,.333,87.7 %,57,70,82,2.39,3.04,-0.65,3.42,3.28,26.1
104,James Pazos,Mariners,8.02,1.34,6.00,0.27,22.2 %,3.7 %,18.5 %,30,.238,1.04,.305,79.8 %,60,63,86,2.41,2.56,-0.16,3.58,3.21,33.2
105,Aaron Nola,Phillies,9.13,2.49,3.68,0.47,26.0 %,7.1 %,18.9 %,136,.199,0.99,.262,79.2 %,59,64,80,2.42,2.70,-0.28,3.30,3.49,134.0
106,Ross Stripling,Dodgers,10.26,1.26,8.14,1.17,28.2 %,3.5 %,24.7 %,114,.246,1.10,.316,89.4 %,62,75,69,2.43,3.02,-0.59,2.83,2.88,100.0
107,Max Scherzer,Nationals,12.09,2.24,5.40,0.96,34.3 %,6.4 %,28.0 %,189,.187,0.92,.262,82.8 %,59,68,76,2.43,2.75,-0.32,3.14,2.76,140.2
108,Jose Alvarado,Rays,9.52,4.65,2.05,0.22,25.0 %,12.2 %,12.8 %,43,.193,1.23,.264,74.6 %,60,73,94,2.43,2.98,-0.55,3.91,3.82,40.2
109,Trevor Bauer,Indians,11.67,3.01,3.87,0.38,31.3 %,8.1 %,23.2 %,182,.216,1.15,.318,76.4 %,57,55,74,2.44,2.27,0.16,3.09,3.16,140.1
110,Kyle Barraclough,Marlins,10.23,4.91,2.08,1.02,27.6 %,13.3 %,14.4 %,50,.148,1.07,.180,85.7 %,62,104,98,2.45,4.13,-1.68,4.03,3.86,44.0
111,Hector Velazquez,Red Sox,5.67,2.50,2.27,0.83,14.8 %,6.5 %,8.3 %,34,.278,1.37,.312,88.6 %,57,100,109,2.50,4.10,-1.60,4.53,4.39,54.0
112,Gerrit Cole,Astros,12.43,3.07,4.04,0.94,35.3 %,8.7 %,26.6 %,186,.181,0.98,.261,81.8 %,63,70,73,2.54,2.88,-0.34,3.02,2.89,134.2
113,Dellin Betances,Yankees,15.73,4.04,3.89,0.85,43.5 %,11.2 %,32.4 %,74,.162,1.02,.286,81.7 %,60,57,50,2.55,2.45,0.10,2.07,2.10,42.1
114,Nate Jones,White Sox,9.85,5.11,1.93,1.09,24.1 %,12.5 %,11.6 %,27,.211,1.38,.262,79.3 %,61,109,115,2.55,4.62,-2.06,4.82,4.18,24.2
115,Joakim Soria,White Sox,11.41,2.33,4.90,0.47,29.9 %,6.1 %,23.8 %,49,.229,1.16,.324,76.4 %,62,51,81,2.56,2.15,0.41,3.38,2.82,38.2
116,Erik Goeddel,- - -,10.91,5.17,2.11,0.86,28.4 %,13.4 %,14.9 %,38,.200,1.31,.270,87.3 %,66,94,92,2.59,3.80,-1.21,3.80,3.77,31.1
117,Michael Lorenzen,Reds,5.71,4.15,1.38,0.00,15.2 %,11.0 %,4.1 %,22,.234,1.33,.283,76.6 %,63,80,111,2.60,3.36,-0.76,4.54,4.66,34.2
118,Austin Davis,Phillies,12.46,3.12,4.00,0.00,33.3 %,8.3 %,25.0 %,24,.219,1.15,.350,77.3 %,64,42,78,2.60,1.77,0.82,3.19,2.65,17.1
119,Joe Jimenez,Tigers,10.60,2.40,4.42,0.40,28.5 %,6.5 %,22.0 %,53,.209,1.07,.291,69.9 %,61,55,89,2.60,2.31,0.29,3.70,2.99,45.0
120,Jesse Biddle,Braves,9.47,4.03,2.35,0.95,26.0 %,11.0 %,14.9 %,40,.199,1.16,.250,83.8 %,64,95,84,2.61,3.84,-1.24,3.46,3.48,38.0
121,Dan Altavilla,Mariners,10.02,6.53,1.53,0.87,27.1 %,17.7 %,9.4 %,23,.162,1.26,.209,83.3 %,65,113,121,2.61,4.66,-2.04,5.06,4.63,20.2
122,Jeurys Familia,- - -,9.27,2.82,3.29,0.20,25.1 %,7.7 %,17.5 %,46,.222,1.14,.300,77.5 %,68,60,88,2.62,2.46,0.16,3.63,3.31,44.2
123,Chad Green,Yankees,10.88,1.88,5.80,1.13,30.7 %,5.3 %,25.4 %,58,.219,1.02,.289,84.1 %,62,71,80,2.63,3.05,-0.43,3.33,2.70,48.0
124,Luis Severino,Yankees,10.26,2.16,4.75,0.81,28.8 %,6.1 %,22.7 %,152,.219,1.05,.292,80.8 %,62,66,74,2.63,2.83,-0.20,3.09,3.18,133.1
125,Pedro Strop,Cubs,9.00,3.51,2.56,0.66,24.7 %,9.6 %,15.1 %,41,.201,1.12,.257,81.8 %,64,81,93,2.63,3.35,-0.72,3.84,3.66,41.0
126,Adam Conley,Marlins,10.54,3.29,3.20,0.99,30.2 %,9.4 %,20.8 %,32,.158,0.91,.200,78.0 %,67,86,80,2.63,3.45,-0.82,3.28,3.06,27.1
127,Clayton Kershaw,Dodgers,9.15,1.87,4.88,0.99,25.1 %,5.1 %,19.9 %,83,.230,1.09,.285,81.4 %,68,80,75,2.64,3.22,-0.57,3.09,3.36,81.2
128,Mark Melancon,Giants,6.35,3.18,2.00,0.53,16.9 %,8.5 %,8.5 %,12,.250,1.29,.294,83.3 %,68,96,110,2.65,3.75,-1.10,4.52,4.34,17.0
129,Freddy Peralta,Brewers,12.05,4.34,2.78,0.48,34.5 %,12.4 %,22.1 %,50,.143,0.96,.216,76.0 %,64,64,87,2.65,2.70,-0.05,3.58,3.45,37.1
130,Shawn Kelley,Nationals,9.20,1.48,6.20,1.78,26.3 %,4.2 %,22.0 %,31,.188,0.86,.200,96.8 %,65,106,107,2.67,4.28,-1.61,4.40,3.40,30.1
131,Seung Hwan Oh,Blue Jays,10.53,1.91,5.50,0.96,29.1 %,5.3 %,23.8 %,55,.210,1.00,.276,83.7 %,63,72,90,2.68,3.03,-0.35,3.77,2.91,47.0
132,Shane Carle,Braves,6.97,3.22,2.17,0.36,19.2 %,8.9 %,10.3 %,39,.216,1.15,.264,74.3 %,66,79,97,2.68,3.20,-0.51,3.98,4.12,50.1
133,Tyler Skaggs,Angels,9.17,2.68,3.42,0.69,24.8 %,7.2 %,17.5 %,106,.244,1.22,.314,80.8 %,66,76,85,2.68,3.10,-0.42,3.53,3.67,104.0
134,Rhiner Cruz,Blue Jays,10.80,5.40,2.00,0.00,26.7 %,13.3 %,13.3 %,4,.231,1.50,.333,80.0 %,64,61,85,2.70,2.56,0.14,3.54,3.87,3.1
135,Dereck Rodriguez,Giants,7.13,2.21,3.23,0.51,18.9 %,5.9 %,13.1 %,42,.235,1.15,.283,76.1 %,70,85,105,2.72,3.33,-0.61,4.29,4.24,53.0
136,Chasen Bradford,Mariners,6.86,1.83,3.75,1.60,19.1 %,5.1 %,14.0 %,30,.219,1.02,.229,93.4 %,68,116,104,2.75,4.78,-2.04,4.34,3.78,39.1
137,Johnny Cueto,Giants,6.98,2.39,2.92,1.47,19.4 %,6.6 %,12.8 %,38,.213,1.04,.227,91.5 %,71,124,108,2.76,4.83,-2.08,4.44,4.31,49.0
138,Craig Stammen,Padres,10.10,1.84,5.50,0.18,27.4 %,5.0 %,22.4 %,55,.245,1.14,.341,74.7 %,71,49,72,2.76,1.97,0.78,2.97,2.68,49.0
139,Anibal Sanchez,Braves,8.79,2.76,3.18,1.13,24.2 %,7.6 %,16.6 %,70,.205,1.06,.243,82.8 %,68,96,98,2.76,3.88,-1.12,4.03,3.89,71.2
140,Tim Collins,Nationals,5.54,4.15,1.33,1.38,14.6 %,10.9 %,3.6 %,8,.286,1.54,.308,93.0 %,67,131,121,2.77,5.31,-2.54,4.94,4.97,13.0
141,Adam Liberatore,Dodgers,8.31,5.54,1.50,0.69,22.2 %,14.8 %,7.4 %,12,.222,1.38,.281,85.2 %,71,109,101,2.77,4.39,-1.62,4.14,4.28,13.0
142,Ryan Borucki,Blue Jays,7.14,3.10,2.30,0.00,18.0 %,7.8 %,10.2 %,23,.280,1.48,.347,67.4 %,66,62,102,2.79,2.61,0.19,4.24,4.49,29.0
143,Ryan Tepera,Blue Jays,10.15,2.81,3.62,1.08,28.8 %,8.0 %,20.9 %,47,.235,1.15,.309,83.3 %,66,82,82,2.81,3.47,-0.66,3.44,3.04,41.2
144,Heath Fillmyer,Royals,5.24,4.03,1.30,0.81,14.4 %,11.1 %,3.3 %,13,.225,1.25,.246,75.4 %,66,110,108,2.82,4.50,-1.68,4.51,4.74,22.1
145,Miles Mikolas,Cardinals,6.44,1.59,4.05,0.58,17.7 %,4.4 %,13.4 %,89,.234,1.07,.272,75.7 %,71,79,91,2.82,3.21,-0.39,3.72,3.97,124.1
146,Seth Lugo,Mets,9.25,2.96,3.13,0.86,24.8 %,7.9 %,16.8 %,75,.217,1.15,.272,77.4 %,73,84,89,2.84,3.42,-0.58,3.67,3.56,73.0
147,Hunter Strickland,Giants,8.24,3.69,2.23,0.57,21.5 %,9.6 %,11.9 %,29,.213,1.23,.264,74.6 %,73,87,105,2.84,3.38,-0.54,4.31,4.09,31.2
148,Phil Maton,Padres,9.24,4.26,2.17,0.36,22.6 %,10.4 %,12.2 %,26,.257,1.50,.338,80.3 %,73,81,115,2.84,3.28,-0.43,4.70,4.07,25.1
149,Jose Castillo,Padres,12.79,2.84,4.50,0.71,37.5 %,8.3 %,29.2 %,18,.140,0.79,.208,72.9 %,73,63,74,2.84,2.53,0.32,3.05,2.34,12.2
150,Mike Foltynewicz,Braves,10.48,3.77,2.78,0.84,28.2 %,10.1 %,18.0 %,125,.202,1.16,.268,79.0 %,70,83,88,2.85,3.38,-0.53,3.63,3.74,107.1
151,Matt Grace,Nationals,7.88,2.15,3.67,0.96,21.7 %,5.9 %,15.8 %,33,.232,1.12,.276,80.2 %,70,88,91,2.87,3.58,-0.71,3.72,3.40,37.2
152,Corey Kluber,Indians,8.76,1.18,7.44,1.31,25.1 %,3.4 %,21.7 %,134,.219,0.95,.258,78.9 %,67,84,76,2.88,3.51,-0.64,3.17,3.28,137.2
153,Brad Peacock,Astros,12.37,2.47,5.00,1.85,33.9 %,6.8 %,27.1 %,60,.202,1.03,.255,95.9 %,71,98,75,2.89,4.05,-1.16,3.13,2.46,43.2
154,Dylan Floro,- - -,7.21,2.89,2.50,0.62,18.8 %,7.5 %,11.3 %,35,.250,1.31,.299,79.6 %,71,82,96,2.89,3.41,-0.52,3.94,3.79,43.2
155,Brad Boxberger,Diamondbacks,12.54,4.34,2.89,1.45,33.6 %,11.6 %,21.9 %,52,.184,1.15,.244,81.5 %,71,97,78,2.89,3.99,-1.09,3.21,3.01,37.1
156,Noah Syndergaard,Mets,10.00,1.81,5.53,0.60,26.4 %,4.8 %,21.7 %,83,.264,1.25,.353,77.8 %,75,63,73,2.89,2.57,0.33,2.99,3.19,74.2
157,Brandon Workman,Red Sox,9.16,1.93,4.75,1.45,25.7 %,5.4 %,20.3 %,19,.214,1.02,.250,87.8 %,67,94,95,2.89,3.85,-0.96,3.95,3.24,18.2
158,Roberto Osuna,Blue Jays,7.63,0.59,13.00,0.00,20.6 %,1.6 %,19.1 %,13,.267,1.11,.340,73.7 %,69,49,82,2.93,2.05,0.89,3.43,3.22,15.1
159,Edwin Jackson,Athletics,6.75,2.35,2.88,1.17,18.9 %,6.6 %,12.3 %,23,.186,0.95,.198,77.9 %,71,103,107,2.93,4.23,-1.30,4.46,4.48,30.2
160,Anthony Bass,Cubs,8.22,1.76,4.67,0.59,22.6 %,4.8 %,17.7 %,14,.305,1.37,.386,76.5 %,72,67,70,2.93,2.77,0.17,2.88,2.91,15.1
161,Hunter Wood,Rays,8.22,4.11,2.00,1.17,21.2 %,10.6 %,10.6 %,14,.220,1.30,.256,87.2 %,72,108,103,2.93,4.40,-1.46,4.30,4.22,15.1
162,Sam Dyson,Giants,7.16,2.76,2.60,0.73,20.6 %,7.9 %,12.7 %,39,.214,1.06,.254,73.8 %,75,93,90,2.94,3.61,-0.67,3.68,3.47,49.0
163,Trevor Cahill,Athletics,8.53,2.64,3.24,0.78,24.3 %,7.5 %,16.8 %,55,.203,1.02,.252,75.9 %,72,82,78,2.95,3.36,-0.42,3.26,3.48,58.0
164,Charlie Morton,Astros,11.70,3.61,3.24,0.88,31.2 %,9.6 %,21.6 %,146,.203,1.15,.285,80.1 %,73,80,74,2.96,3.30,-0.33,3.10,3.29,112.1
165,Felipe Vazquez,Pirates,12.54,3.61,3.47,0.21,32.2 %,9.3 %,23.0 %,59,.224,1.28,.343,70.9 %,74,48,67,2.98,1.95,1.02,2.76,2.82,42.1
166,Blake Parker,Angels,10.32,2.78,3.71,1.19,28.3 %,7.6 %,20.7 %,52,.235,1.19,.304,85.5 %,73,86,87,2.98,3.51,-0.53,3.63,3.14,45.1
167,Luis Cessa,Yankees,7.80,4.80,1.63,0.60,21.3 %,13.1 %,8.2 %,13,.208,1.27,.256,79.6 %,71,90,99,3.00,3.89,-0.89,4.11,4.58,15.0
168,Drew Smith,Mets,6.00,6.00,1.00,0.00,14.3 %,14.3 %,0.0 %,2,.333,2.00,.400,83.3 %,77,94,107,3.00,3.82,-0.82,4.37,4.71,3.0
169,Jonathan Loaisiga,Yankees,10.50,4.00,2.63,0.50,28.4 %,10.8 %,17.6 %,21,.227,1.28,.318,78.7 %,71,67,67,3.00,2.88,0.12,2.79,3.38,18.0
170,Roenis Elias,Mariners,6.38,3.00,2.13,0.00,17.2 %,8.1 %,9.1 %,17,.244,1.25,.301,71.0 %,74,70,122,3.00,2.87,0.13,5.11,4.64,24.0
171,Ryan Meisinger,Orioles,7.50,1.50,5.00,3.00,22.7 %,4.6 %,18.2 %,5,.190,0.83,.143,100.0 %,71,146,100,3.00,6.32,-3.32,4.17,3.50,6.0
172,Ryan Buchter,Athletics,9.86,3.43,2.88,0.86,24.7 %,8.6 %,16.1 %,23,.259,1.43,.333,66.2 %,73,82,103,3.00,3.35,-0.35,4.29,3.76,21.0
173,Jeanmar Gomez,White Sox,3.00,0.00,1.00,3.00,8.3 %,0.0 %,8.3 %,1,.250,1.00,.200,100.0 %,72,161,151,3.00,6.82,-3.82,6.30,5.97,3.0
174,J.B. Wendelken,Athletics,9.00,3.00,3.00,3.00,25.0 %,8.3 %,16.7 %,3,.182,1.00,.143,100.0 %,73,158,91,3.00,6.49,-3.49,3.79,3.44,3.0
175,Archie Bradley,Diamondbacks,8.87,2.64,3.36,1.13,25.0 %,7.5 %,17.6 %,47,.195,1.01,.231,78.3 %,74,90,82,3.02,3.70,-0.68,3.37,3.21,47.2
176,Chris Devenski,Astros,10.24,2.33,4.40,1.16,28.2 %,6.4 %,21.8 %,44,.217,1.06,.277,83.8 %,75,86,88,3.03,3.57,-0.54,3.66,3.00,38.2
177,Carl Edwards Jr.,Cubs,14.56,3.94,3.69,0.61,38.7 %,10.5 %,28.2 %,48,.198,1.18,.328,77.6 %,74,51,68,3.03,2.11,0.92,2.78,2.43,29.2
178,David Robertson,Yankees,11.17,2.84,3.93,0.61,31.1 %,7.9 %,23.2 %,55,.178,0.97,.248,69.6 %,72,58,73,3.05,2.50,0.54,3.06,2.81,44.1
179,Jake Petricka,Blue Jays,7.40,3.05,2.43,0.87,19.1 %,7.9 %,11.2 %,17,.293,1.50,.349,67.4 %,72,90,93,3.05,3.79,-0.74,3.87,3.74,20.2
180,Zack Greinke,Diamondbacks,9.51,1.67,5.71,1.18,26.2 %,4.6 %,21.6 %,137,.230,1.06,.284,82.1 %,75,83,80,3.05,3.40,-0.34,3.27,3.32,129.2
181,Adam Cimber,- - -,9.18,1.80,5.10,0.36,25.9 %,5.1 %,20.8 %,51,.232,1.06,.311,69.0 %,79,58,69,3.06,2.36,0.70,2.85,2.72,50.0
182,Dan Winkler,Braves,10.98,2.41,4.55,0.66,29.9 %,6.6 %,23.4 %,50,.203,1.02,.280,68.6 %,76,66,75,3.07,2.69,0.38,3.10,2.77,41.0
183,Scott Alexander,Dodgers,7.91,3.66,2.16,0.39,22.3 %,10.3 %,12.0 %,41,.220,1.18,.281,75.2 %,79,80,76,3.09,3.24,-0.16,3.11,2.93,46.2
184,Shohei Ohtani,Angels,11.13,3.65,3.05,0.91,30.5 %,10.0 %,20.5 %,61,.201,1.14,.274,80.0 %,76,80,82,3.10,3.28,-0.18,3.42,3.50,49.1
185,Scott Oberg,Rockies,7.14,2.48,2.88,0.31,19.2 %,6.7 %,12.5 %,23,.239,1.17,.294,73.0 %,66,72,88,3.10,3.16,-0.05,3.61,3.50,29.0
186,Brad Hand,- - -,12.82,2.91,4.40,1.17,34.2 %,7.8 %,26.4 %,66,.205,1.08,.293,72.0 %,80,84,72,3.11,3.42,-0.31,2.97,2.47,46.1
187,Drew Rucinski,Marlins,7.27,1.56,4.67,0.52,20.9 %,4.5 %,16.4 %,14,.190,0.87,.229,68.5 %,79,75,100,3.12,2.98,0.13,4.12,3.53,17.1
188,A.J. Minter,Braves,9.82,3.35,2.93,0.22,26.4 %,9.0 %,17.4 %,44,.232,1.24,.321,72.6 %,77,61,90,3.12,2.49,0.64,3.70,3.46,40.1
189,Junior Guerra,Brewers,8.68,3.56,2.44,1.04,22.8 %,9.3 %,13.4 %,100,.228,1.26,.277,80.4 %,75,96,106,3.13,4.03,-0.91,4.34,4.28,103.2
190,Patrick Corbin,Diamondbacks,10.99,2.44,4.51,0.77,30.6 %,6.8 %,23.8 %,158,.209,1.04,.288,75.9 %,77,66,65,3.13,2.70,0.43,2.69,2.98,129.1
191,Jon Lester,Cubs,6.99,3.61,1.93,1.18,18.5 %,9.6 %,8.9 %,89,.231,1.26,.258,80.8 %,77,113,116,3.14,4.67,-1.53,4.75,4.82,114.2
192,Jack Flaherty,Cardinals,10.80,3.15,3.43,1.24,29.0 %,8.5 %,20.5 %,96,.207,1.11,.266,80.9 %,79,96,86,3.15,3.89,-0.74,3.54,3.44,80.0
193,Wander Suero,Nationals,7.65,2.70,2.83,0.90,20.5 %,7.2 %,13.3 %,17,.189,1.00,.218,74.3 %,77,101,118,3.15,4.11,-0.96,4.85,4.02,20.0
194,Santiago Casilla,Athletics,6.32,5.74,1.10,0.00,16.7 %,15.2 %,1.5 %,22,.167,1.21,.209,73.8 %,77,99,139,3.16,4.05,-0.89,5.82,5.46,31.1
195,John Gant,Cardinals,7.50,4.17,1.80,0.50,19.7 %,11.0 %,8.8 %,45,.183,1.15,.221,64.6 %,80,90,113,3.17,3.66,-0.49,4.63,4.67,54.0
196,Justin Wilson,Cubs,12.71,6.58,1.93,0.68,32.6 %,16.9 %,15.7 %,56,.196,1.44,.298,79.6 %,78,85,92,3.18,3.51,-0.33,3.76,3.90,39.2
197,Madison Bumgarner,Giants,7.71,3.86,2.00,0.84,20.3 %,10.1 %,10.1 %,46,.217,1.25,.257,78.7 %,82,103,109,3.19,4.00,-0.81,4.49,4.62,53.2
198,Justin Anderson,Angels,11.29,5.65,2.00,0.74,28.9 %,14.5 %,14.5 %,46,.224,1.45,.318,82.7 %,79,92,94,3.19,3.76,-0.57,3.94,3.88,36.2
199,Brad Keller,Royals,5.63,3.71,1.52,0.26,15.1 %,9.9 %,5.1 %,44,.240,1.31,.282,75.4 %,75,87,104,3.20,3.55,-0.36,4.35,4.62,70.1
200,Michael Wacha,Cardinals,7.58,3.84,1.97,0.96,20.0 %,10.1 %,9.9 %,71,.215,1.23,.249,75.0 %,81,104,100,3.20,4.21,-1.01,4.10,4.57,84.1
201,Edgar Santana,Pirates,8.26,1.01,8.20,1.01,22.9 %,2.8 %,20.1 %,41,.237,1.03,.283,75.0 %,81,79,82,3.22,3.18,0.04,3.37,3.03,44.2
202,Pedro Baez,Dodgers,10.57,4.70,2.25,0.59,26.3 %,11.7 %,14.6 %,36,.250,1.50,.341,79.2 %,83,82,103,3.23,3.32,-0.09,4.23,3.83,30.2
203,Carlos Ramirez,- - -,5.40,9.72,0.56,0.00,13.5 %,24.3 %,-10.8 %,5,.111,1.44,.136,76.9 %,78,134,147,3.24,5.56,-2.32,6.14,6.88,8.1
204,Jorge Lopez,Brewers,7.56,7.02,1.08,0.54,18.4 %,17.1 %,1.3 %,14,.254,1.74,.313,83.3 %,78,109,119,3.24,4.60,-1.36,4.90,5.23,16.2
205,Luke Jackson,Braves,12.42,4.86,2.56,0.54,31.1 %,12.2 %,18.9 %,23,.219,1.38,.325,79.7 %,80,73,87,3.24,2.98,0.26,3.57,3.36,16.2
206,Jose Alvarez,Angels,8.42,3.24,2.60,0.65,21.7 %,8.3 %,13.3 %,39,.238,1.30,.295,76.8 %,80,82,103,3.24,3.37,-0.13,4.28,3.89,41.2
207,Aaron Bummer,White Sox,9.78,2.79,3.50,0.00,23.1 %,6.6 %,16.5 %,21,.321,1.71,.429,67.7 %,78,49,68,3.26,2.07,1.19,2.83,2.79,19.1
208,Kenta Maeda,Dodgers,11.05,3.07,3.59,0.77,29.4 %,8.2 %,21.2 %,115,.225,1.20,.309,74.2 %,84,73,80,3.27,2.93,0.33,3.29,3.38,93.2
209,Keone Kela,Rangers,10.85,3.03,3.58,0.76,29.5 %,8.2 %,21.2 %,43,.201,1.09,.273,74.7 %,75,67,82,3.28,2.85,0.43,3.40,3.03,35.2
210,Kyle Freeland,Rockies,7.09,3.06,2.32,0.97,19.0 %,8.2 %,10.8 %,95,.235,1.23,.270,80.7 %,70,94,106,3.28,4.10,-0.82,4.35,4.48,120.2
211,Jesse Chavez,- - -,8.35,1.79,4.67,1.49,22.8 %,4.9 %,17.9 %,56,.248,1.16,.286,83.9 %,75,95,85,3.28,4.05,-0.77,3.55,3.29,60.1
212,Bud Norris,Cardinals,11.41,1.76,6.50,1.10,31.1 %,4.8 %,26.4 %,52,.239,1.10,.327,76.2 %,83,76,66,3.29,3.08,0.21,2.73,2.43,41.0
213,Dan Jennings,Brewers,6.98,3.31,2.11,0.73,18.6 %,8.8 %,9.8 %,38,.258,1.35,.306,74.5 %,79,89,91,3.31,3.77,-0.46,3.74,3.81,49.0
214,Jordan Hicks,Cardinals,7.66,4.35,1.76,0.17,20.1 %,11.4 %,8.7 %,44,.191,1.18,.245,70.1 %,83,86,101,3.31,3.51,-0.20,4.14,3.94,51.2
215,Juan Minaya,White Sox,11.84,8.53,1.39,0.00,26.0 %,18.8 %,7.3 %,25,.213,1.79,.320,75.7 %,80,91,121,3.32,3.84,-0.53,5.04,4.80,19.0
216,Miguel Castro,Orioles,5.73,5.43,1.06,0.45,14.8 %,14.0 %,0.8 %,38,.221,1.41,.256,76.4 %,78,105,130,3.32,4.55,-1.23,5.43,5.36,59.2
217,Felix Pena,Angels,9.46,3.34,2.83,1.11,24.5 %,8.6 %,15.8 %,34,.238,1.30,.295,82.9 %,82,94,87,3.34,3.87,-0.53,3.62,3.79,32.1
218,Joey Lucchesi,Padres,9.29,3.10,3.00,1.24,24.7 %,8.2 %,16.5 %,75,.229,1.21,.279,79.5 %,86,101,90,3.34,4.08,-0.73,3.71,3.82,72.2
219,Trevor Hildenberger,Twins,8.19,2.61,3.14,1.12,22.0 %,7.0 %,15.0 %,44,.223,1.14,.261,80.3 %,78,93,88,3.35,3.94,-0.59,3.68,3.54,48.1
220,Chris Bassitt,Athletics,7.03,3.38,2.08,0.56,17.7 %,8.5 %,9.2 %,25,.236,1.31,.280,65.5 %,82,91,114,3.38,3.72,-0.34,4.74,4.75,32.0
221,Steven Wright,Red Sox,6.98,4.50,1.55,0.90,18.8 %,12.1 %,6.7 %,31,.208,1.25,.239,79.3 %,78,109,111,3.38,4.48,-1.11,4.65,4.78,40.0
222,Carlos Rodon,White Sox,7.64,3.55,2.15,1.24,20.6 %,9.6 %,11.0 %,43,.194,1.11,.213,77.2 %,81,109,115,3.38,4.62,-1.24,4.79,4.56,50.2
223,Sean Manaea,Athletics,6.08,1.66,3.67,1.24,16.9 %,4.6 %,12.3 %,88,.210,0.97,.221,76.5 %,82,106,102,3.38,4.34,-0.95,4.26,4.35,130.1
224,Marco Gonzales,Mariners,7.82,1.73,4.52,0.83,21.6 %,4.8 %,16.8 %,104,.252,1.14,.305,75.0 %,84,81,82,3.38,3.32,0.07,3.43,3.66,119.2
225,Carlos Martinez,Cardinals,8.37,4.52,1.85,0.47,20.9 %,11.3 %,9.6 %,89,.232,1.39,.293,73.7 %,85,94,113,3.39,3.83,-0.44,4.62,4.61,95.2
226,Drew Steckenrider,Marlins,10.20,4.00,2.55,0.40,27.1 %,10.6 %,16.5 %,51,.223,1.27,.310,74.7 %,86,73,96,3.40,2.93,0.47,3.95,3.58,45.0
227,Alex Wilson,Tigers,5.67,2.27,2.50,1.13,15.9 %,6.4 %,9.6 %,25,.214,1.03,.226,77.8 %,80,105,106,3.40,4.44,-1.04,4.41,4.17,39.2
228,Sean Newcomb,Braves,8.27,4.54,1.82,0.97,22.1 %,12.1 %,10.0 %,102,.212,1.28,.253,77.5 %,84,104,106,3.41,4.24,-0.83,4.36,4.65,111.0
229,Zach Eflin,Phillies,8.58,2.14,4.00,1.14,23.1 %,5.8 %,17.3 %,68,.236,1.15,.281,75.6 %,84,87,98,3.41,3.69,-0.28,4.02,3.88,71.1
230,Mike Clevinger,Indians,8.74,3.08,2.84,0.70,23.8 %,8.4 %,15.4 %,125,.240,1.24,.304,74.8 %,80,79,95,3.43,3.30,0.13,3.98,4.03,128.2
231,Kevin McCarthy,Royals,5.36,3.21,1.67,0.86,14.6 %,8.8 %,5.9 %,25,.226,1.19,.246,72.7 %,80,106,92,3.43,4.35,-0.92,3.85,3.79,42.0
232,Eduardo Rodriguez,Red Sox,9.46,2.75,3.44,1.03,24.8 %,7.2 %,17.6 %,110,.235,1.22,.294,79.0 %,79,87,93,3.44,3.58,-0.14,3.87,3.78,104.2
233,Jeremy Hellickson,Nationals,6.88,1.72,4.00,1.06,19.0 %,4.7 %,14.2 %,52,.238,1.09,.270,75.2 %,84,97,94,3.44,3.95,-0.51,3.86,4.00,68.0
234,Wade LeBlanc,Mariners,7.08,1.77,4.00,1.30,19.4 %,4.9 %,14.6 %,76,.243,1.13,.271,79.9 %,85,100,104,3.44,4.12,-0.67,4.33,4.17,96.2
235,Zach Britton,Orioles,7.47,5.74,1.30,0.57,20.6 %,15.9 %,4.8 %,13,.212,1.34,.263,77.7 %,81,103,96,3.45,4.43,-0.99,4.02,4.37,15.2
236,Ryan Pressly,Twins,13.02,3.64,3.58,0.96,33.0 %,9.2 %,23.8 %,68,.249,1.38,.366,80.0 %,80,71,69,3.45,2.99,0.46,2.86,2.73,47.0
237,Walker Buehler,Dodgers,9.26,2.04,4.54,0.78,25.3 %,5.6 %,19.7 %,59,.225,1.08,.286,71.9 %,89,75,80,3.45,3.02,0.44,3.28,3.37,57.1
238,Matt Albers,Brewers,7.85,2.20,3.57,1.57,21.4 %,6.0 %,15.4 %,25,.241,1.15,.269,82.1 %,83,110,96,3.45,4.62,-1.17,3.95,3.58,28.2
239,Taijuan Walker,Diamondbacks,6.23,3.46,1.80,0.69,16.1 %,8.9 %,7.1 %,9,.294,1.54,.341,80.7 %,85,96,108,3.46,3.93,-0.46,4.43,4.92,13.0
240,Jacob Barnes,Brewers,8.77,4.15,2.11,0.46,21.8 %,10.3 %,11.5 %,38,.263,1.51,.336,71.2 %,83,77,96,3.46,3.26,0.20,3.93,3.93,39.0
241,Yusmeiro Petit,Athletics,7.07,1.44,4.90,1.30,19.8 %,4.0 %,15.7 %,49,.235,1.06,.261,76.8 %,84,96,95,3.47,3.94,-0.48,3.98,3.68,62.1
242,Matt Magill,Twins,8.67,1.73,5.00,1.73,23.2 %,4.6 %,18.5 %,35,.248,1.16,.283,88.1 %,81,108,100,3.47,4.56,-1.09,4.17,3.39,36.1
243,Cory Gearrin,- - -,8.92,3.96,2.25,1.24,22.5 %,10.0 %,12.5 %,36,.241,1.38,.290,84.8 %,89,116,112,3.47,4.53,-1.07,4.59,4.05,36.1
244,Jake Arrieta,Phillies,6.26,3.05,2.06,0.85,16.8 %,8.2 %,8.6 %,74,.246,1.27,.280,65.3 %,85,97,102,3.47,4.09,-0.62,4.19,4.46,106.1
245,Jose Berrios,Twins,9.11,2.01,4.53,1.14,25.4 %,5.6 %,19.8 %,136,.210,1.00,.254,76.3 %,81,86,88,3.48,3.65,-0.16,3.68,3.54,134.1
246,Austin Gomber,Cardinals,6.97,4.35,1.60,0.87,19.8 %,12.4 %,7.4 %,16,.188,1.11,.216,76.6 %,88,114,118,3.48,4.61,-1.12,4.85,4.83,20.2
247,Mike Fiers,Tigers,6.65,1.95,3.42,1.46,17.5 %,5.1 %,12.3 %,82,.259,1.24,.282,82.3 %,82,108,114,3.49,4.57,-1.08,4.77,4.49,111.0
248,Yefry Ramirez,Orioles,9.53,3.18,3.00,1.59,25.6 %,8.6 %,17.1 %,30,.219,1.16,.257,82.1 %,82,107,102,3.49,4.60,-1.11,4.27,3.81,28.1
249,Michael Soroka,Braves,7.36,2.45,3.00,0.35,18.6 %,6.2 %,12.4 %,21,.283,1.44,.345,64.6 %,87,70,88,3.51,2.85,0.66,3.61,4.13,25.2
250,CC Sabathia,Yankees,6.93,2.61,2.66,1.26,17.9 %,6.7 %,11.2 %,77,.249,1.27,.278,75.4 %,83,105,108,3.51,4.55,-1.04,4.52,4.45,100.0
251,Fernando Rodney,Twins,10.09,3.28,3.08,1.01,26.0 %,8.4 %,17.5 %,40,.237,1.29,.305,75.5 %,82,86,92,3.53,3.63,-0.10,3.82,3.40,35.2
252,Frankie Montas,Athletics,5.57,2.87,1.94,0.51,14.5 %,7.5 %,7.1 %,33,.274,1.39,.314,72.4 %,86,91,111,3.54,3.72,-0.18,4.64,4.92,53.1
253,Kyle Gibson,Twins,8.85,3.57,2.48,0.97,23.6 %,9.5 %,14.1 %,119,.225,1.24,.276,76.4 %,83,91,93,3.57,3.85,-0.28,3.87,4.10,121.0
254,Tyler Anderson,Rockies,8.33,3.05,2.73,1.26,22.7 %,8.3 %,14.4 %,112,.226,1.18,.264,76.7 %,76,96,101,3.57,4.20,-0.63,4.13,4.16,121.0
255,Jhoulys Chacin,Brewers,7.23,3.51,2.06,0.67,19.1 %,9.2 %,9.8 %,97,.220,1.22,.261,72.3 %,86,92,111,3.58,3.89,-0.31,4.55,4.65,120.2
256,Dallas Keuchel,Astros,6.78,2.35,2.88,0.83,17.8 %,6.2 %,11.6 %,98,.249,1.25,.286,73.2 %,89,88,88,3.60,3.66,-0.06,3.68,4.00,130.0
257,Nick Gardewine,Rangers,7.20,0.00,4.00,0.00,17.4 %,0.0 %,17.4 %,4,.318,1.40,.389,75.0 %,82,51,106,3.60,2.16,1.44,4.44,3.87,5.0
258,Scott Barlow,Royals,9.00,1.80,5.00,1.20,23.1 %,4.6 %,18.5 %,15,.258,1.27,.311,74.1 %,84,86,87,3.60,3.49,0.11,3.61,3.33,15.0
259,Darren O'Day,Orioles,12.15,1.80,6.75,1.35,32.5 %,4.8 %,27.7 %,27,.237,1.10,.326,76.9 %,85,80,83,3.60,3.46,0.14,3.47,2.52,20.0
260,Taylor Williams,Brewers,10.58,4.28,2.47,0.68,27.0 %,10.9 %,16.1 %,47,.221,1.33,.298,70.3 %,87,78,90,3.60,3.28,0.32,3.70,3.62,40.0
261,Chaz Roe,Rays,9.77,3.34,2.92,1.03,27.0 %,9.2 %,17.7 %,38,.195,1.06,.247,76.9 %,88,99,92,3.60,4.01,-0.41,3.84,3.31,35.0
262,Tyler Clippard,Blue Jays,10.65,3.04,3.50,1.71,29.0 %,8.3 %,20.7 %,56,.211,1.12,.255,82.6 %,85,105,105,3.61,4.40,-0.79,4.38,3.48,47.1
263,Jordan Montgomery,Yankees,7.57,3.95,1.92,0.99,19.8 %,10.3 %,9.5 %,23,.240,1.35,.282,79.3 %,86,97,111,3.62,4.22,-0.60,4.64,4.70,27.1
264,Corey Knebel,Brewers,11.85,3.95,3.00,1.65,32.4 %,10.8 %,21.6 %,36,.216,1.21,.286,85.7 %,87,105,76,3.62,4.44,-0.82,3.14,2.96,27.1
265,Nick Wittgren,Marlins,8.06,5.24,1.54,0.00,19.4 %,12.6 %,6.8 %,20,.256,1.61,.329,69.4 %,92,78,119,3.63,3.11,0.51,4.87,4.67,22.1
266,Clay Holmes,Pirates,7.30,5.84,1.25,0.00,18.9 %,15.1 %,3.8 %,10,.244,1.54,.314,73.7 %,91,86,104,3.65,3.48,0.17,4.28,4.79,12.1
267,Wily Peralta,Royals,9.49,6.57,1.44,0.00,24.5 %,17.0 %,7.6 %,13,.205,1.46,.290,72.2 %,86,79,109,3.65,3.24,0.41,4.56,4.73,12.1
268,Ryan Yarbrough,Rays,8.36,3.27,2.56,1.06,21.8 %,8.5 %,13.3 %,87,.235,1.27,.281,74.6 %,89,100,102,3.65,4.07,-0.42,4.26,4.00,93.2
269,Steven Matz,Mets,7.84,3.39,2.32,1.34,20.4 %,8.8 %,11.6 %,88,.238,1.29,.272,76.9 %,94,115,107,3.65,4.71,-1.06,4.40,4.35,101.0
270,Garrett Richards,Angels,10.26,4.01,2.56,1.30,26.9 %,10.5 %,16.4 %,87,.221,1.28,.277,67.0 %,90,101,86,3.66,4.13,-0.47,3.60,3.85,76.1
271,Andrew Heaney,Angels,8.81,2.66,3.31,1.08,23.6 %,7.1 %,16.5 %,106,.226,1.15,.273,69.8 %,90,92,93,3.66,3.78,-0.13,3.90,3.90,108.1
272,Anthony Banda,Rays,6.14,1.84,3.33,0.61,17.9 %,5.4 %,12.5 %,10,.226,1.02,.262,66.2 %,90,81,95,3.68,3.29,0.39,3.97,4.03,14.2
273,Marcus Walden,Red Sox,8.59,1.84,4.67,0.00,23.7 %,5.1 %,18.6 %,14,.255,1.16,.341,61.1 %,85,51,71,3.68,2.07,1.62,2.96,2.73,14.2
274,Sam Tuivailala,Cardinals,7.39,3.13,2.36,0.85,18.1 %,7.6 %,10.4 %,26,.267,1.45,.314,77.6 %,93,98,106,3.69,3.98,-0.28,4.35,4.07,31.2
275,James Paxton,Mariners,11.69,2.49,4.70,1.21,32.2 %,6.9 %,25.4 %,155,.217,1.09,.293,75.5 %,91,77,73,3.70,3.16,0.54,3.04,2.97,119.1
276,Robbie Erlin,Padres,7.55,0.96,7.83,1.13,21.8 %,2.8 %,19.0 %,47,.243,1.02,.282,67.8 %,95,85,77,3.70,3.42,0.27,3.17,3.08,56.0
277,Brian Flynn,Royals,5.36,4.07,1.32,0.37,13.6 %,10.3 %,3.3 %,29,.287,1.56,.331,74.8 %,87,99,120,3.70,4.04,-0.34,5.02,4.90,48.2
278,Cam Bedrosian,Angels,8.04,3.92,2.05,1.03,20.7 %,10.1 %,10.6 %,39,.268,1.47,.323,79.3 %,91,103,103,3.71,4.23,-0.52,4.28,4.10,43.2
279,Caleb Ferguson,Dodgers,10.80,2.70,4.00,1.01,28.8 %,7.2 %,21.6 %,32,.210,1.09,.277,68.4 %,95,86,74,3.71,3.46,0.26,3.04,2.92,26.2
280,Jim Johnson,Angels,7.93,3.22,2.46,0.99,20.8 %,8.4 %,12.3 %,32,.248,1.32,.295,66.0 %,92,95,95,3.72,3.90,-0.18,3.95,3.86,36.1
281,Donnie Hart,Orioles,4.66,4.66,1.00,0.00,10.2 %,10.2 %,0.0 %,5,.318,1.97,.359,73.7 %,88,85,140,3.72,3.67,0.05,5.87,5.46,9.2
282,Mike Montgomery,Cubs,5.60,2.96,1.89,0.77,14.8 %,7.8 %,7.0 %,51,.245,1.27,.273,73.3 %,91,101,110,3.73,4.16,-0.43,4.52,4.58,82.0
283,Heath Hembree,Red Sox,12.29,4.17,2.95,1.10,31.6 %,10.7 %,20.9 %,56,.222,1.32,.309,78.7 %,86,83,82,3.73,3.40,0.33,3.41,3.11,41.0
284,Sergio Romo,Rays,9.76,3.32,2.94,1.04,25.5 %,8.7 %,16.9 %,47,.235,1.27,.298,78.0 %,91,92,96,3.74,3.73,0.00,4.01,3.55,43.1
285,Zach Duke,Twins,9.25,3.75,2.47,0.00,21.4 %,8.7 %,12.7 %,37,.281,1.61,.371,69.8 %,87,66,91,3.75,2.77,0.98,3.81,3.51,36.0
286,Amir Garrett,Reds,10.55,3.04,3.47,1.25,29.5 %,8.5 %,21.0 %,59,.210,1.09,.270,76.3 %,91,90,81,3.75,3.75,0.00,3.34,3.05,50.1
287,Brandon Kintzler,Nationals,6.42,2.66,2.42,0.44,17.4 %,7.2 %,10.2 %,29,.250,1.23,.298,71.7 %,92,86,103,3.76,3.48,0.29,4.24,4.05,40.2
288,Blaine Hardy,Tigers,6.91,2.20,3.14,0.94,18.4 %,5.9 %,12.6 %,44,.256,1.24,.295,71.2 %,88,90,106,3.77,3.82,-0.05,4.43,4.28,57.1
289,Louis Coleman,Tigers,9.10,4.40,2.07,0.94,23.4 %,11.3 %,12.1 %,29,.252,1.43,.320,77.9 %,88,101,108,3.77,4.27,-0.51,4.51,4.11,28.2
290,Carson Smith,Red Sox,11.30,3.77,3.00,1.26,28.1 %,9.4 %,18.8 %,18,.241,1.40,.316,81.4 %,87,91,76,3.77,3.71,0.05,3.15,3.13,14.1
291,Yonny Chirinos,Rays,8.10,2.70,3.00,0.54,21.1 %,7.0 %,14.1 %,30,.244,1.23,.305,74.1 %,93,86,100,3.78,3.49,0.29,4.18,4.04,33.1
292,Mike Mayers,Cardinals,7.32,2.02,3.63,1.01,19.7 %,5.4 %,14.3 %,29,.246,1.18,.286,72.2 %,95,92,105,3.79,3.75,0.04,4.30,3.83,35.2
293,Jameson Taillon,Pirates,8.81,2.51,3.52,0.97,23.4 %,6.7 %,16.7 %,109,.243,1.22,.299,74.5 %,95,87,87,3.80,3.52,0.28,3.57,3.71,111.1
294,Jaime Barria,Angels,6.85,2.79,2.45,1.52,18.4 %,7.5 %,10.9 %,54,.244,1.23,.265,81.1 %,94,121,114,3.80,4.97,-1.17,4.76,4.59,71.0
295,Chase Anderson,Brewers,7.21,3.48,2.07,1.57,19.6 %,9.5 %,10.1 %,87,.222,1.20,.238,80.4 %,92,122,117,3.81,5.15,-1.34,4.79,4.71,108.2
296,Brian Johnson,Red Sox,7.79,2.82,2.76,0.99,19.9 %,7.2 %,12.7 %,47,.274,1.42,.325,75.8 %,88,93,105,3.81,3.80,0.01,4.38,4.16,54.1
297,Shane Greene,Tigers,9.64,2.36,4.09,1.50,25.1 %,6.2 %,19.0 %,45,.246,1.24,.296,74.1 %,90,95,89,3.86,4.04,-0.18,3.70,3.24,42.0
298,Alex Colome,- - -,9.21,2.79,3.31,0.86,23.5 %,7.1 %,16.4 %,43,.251,1.31,.317,72.5 %,95,85,86,3.86,3.49,0.37,3.57,3.39,42.0
299,Emilio Pagan,Athletics,8.36,3.00,2.79,1.50,21.7 %,7.8 %,13.9 %,39,.238,1.26,.271,81.9 %,94,112,119,3.86,4.61,-0.75,4.97,4.10,42.0
300,J.T. Chargois,Dodgers,11.96,4.63,2.58,1.16,31.3 %,12.1 %,19.2 %,31,.221,1.33,.308,79.1 %,99,95,75,3.86,3.84,0.01,3.08,3.12,23.1
301,Jace Fry,White Sox,11.27,3.56,3.17,0.30,30.7 %,9.7 %,21.0 %,38,.170,1.02,.247,57.4 %,93,54,75,3.86,2.27,1.59,3.13,3.06,30.1
302,James Norwood,Cubs,5.79,3.86,1.50,0.00,14.3 %,9.5 %,4.8 %,3,.263,1.50,.313,71.4 %,94,77,154,3.86,3.16,0.70,6.31,5.39,4.2
303,Alex Wood,Dodgers,7.90,1.85,4.26,0.97,21.1 %,5.0 %,16.1 %,98,.248,1.18,.294,68.3 %,99,86,86,3.87,3.47,0.40,3.55,3.79,111.2
304,Jose Quintana,Cubs,8.00,4.21,1.90,1.20,20.7 %,10.9 %,9.8 %,93,.238,1.38,.277,77.4 %,94,111,108,3.87,4.55,-0.68,4.44,4.67,104.2
305,Joe Musgrove,Pirates,7.80,2.55,3.06,0.90,20.0 %,6.5 %,13.5 %,52,.261,1.32,.311,74.1 %,97,95,104,3.90,3.82,0.08,4.27,4.17,60.0
306,Justin Miller,Nationals,12.60,3.30,3.82,1.50,34.7 %,9.1 %,25.6 %,42,.209,1.13,.286,77.8 %,95,89,85,3.90,3.62,0.28,3.47,2.69,30.0
307,Stephen Strasburg,Nationals,10.65,2.21,4.81,1.27,28.8 %,6.0 %,22.8 %,101,.236,1.15,.305,71.6 %,95,86,74,3.90,3.50,0.41,3.03,3.16,85.1
308,Joe Smith,Astros,8.78,2.28,3.86,1.30,25.5 %,6.6 %,18.9 %,27,.194,0.94,.224,70.1 %,96,95,92,3.90,3.95,-0.05,3.84,3.27,27.2
309,Max Fried,Braves,10.89,5.66,1.92,1.31,28.7 %,14.9 %,13.8 %,25,.233,1.45,.311,78.4 %,97,115,87,3.92,4.66,-0.74,3.56,4.09,20.2
310,Rick Porcello,Red Sox,8.64,2.29,3.78,1.00,22.5 %,5.9 %,16.5 %,121,.249,1.24,.304,72.4 %,90,90,95,3.93,3.68,0.25,3.95,3.84,126.0
311,Gio Gonzalez,Nationals,8.30,4.44,1.87,0.84,21.1 %,11.3 %,9.8 %,99,.254,1.48,.312,75.9 %,96,99,103,3.94,4.00,-0.06,4.21,4.54,107.1
312,Jonny Venters,Rays,7.24,3.95,1.83,0.66,19.3 %,10.5 %,8.8 %,11,.216,1.24,.256,70.5 %,97,94,89,3.95,3.82,0.14,3.70,3.59,13.2
313,Jordan Zimmermann,Tigers,8.60,1.59,5.42,1.32,23.1 %,4.3 %,18.9 %,65,.249,1.16,.294,69.2 %,93,87,94,3.97,3.69,0.28,3.94,3.78,68.0
314,Christian Bergman,Mariners,3.97,1.59,2.50,1.59,11.4 %,4.6 %,6.8 %,5,.190,0.88,.171,69.4 %,98,124,119,3.97,5.10,-1.13,4.97,5.17,11.1
315,Nick Vincent,Mariners,8.90,2.45,3.63,1.23,22.3 %,6.2 %,16.2 %,29,.242,1.26,.287,68.9 %,99,97,114,3.99,3.97,0.01,4.76,3.86,29.1
316,Andrew Suarez,Giants,7.89,2.19,3.61,1.05,21.4 %,5.9 %,15.5 %,83,.264,1.26,.315,71.7 %,102,94,85,3.99,3.67,0.32,3.48,3.74,94.2
317,Adam Wainwright,Cardinals,7.50,7.00,1.07,1.00,17.1 %,15.9 %,1.1 %,15,.264,1.83,.309,80.8 %,101,138,137,4.00,5.60,-1.60,5.61,5.69,18.0
318,Tyler Bashlor,Mets,5.00,3.00,1.67,1.00,13.2 %,7.9 %,5.3 %,5,.257,1.33,.276,75.5 %,103,110,150,4.00,4.49,-0.49,6.13,5.72,9.0
319,Jake Diekman,Rangers,10.50,5.75,1.83,0.50,25.8 %,14.1 %,11.7 %,42,.226,1.50,.312,72.0 %,91,87,105,4.00,3.71,0.29,4.40,4.15,36.0
320,Lance McCullers Jr.,Astros,9.41,3.70,2.54,0.93,25.3 %,10.0 %,15.4 %,122,.215,1.20,.273,69.9 %,99,92,87,4.01,3.82,0.19,3.61,3.81,116.2
321,Taylor Rogers,Twins,9.15,2.23,4.10,0.67,25.5 %,6.2 %,19.3 %,41,.252,1.19,.327,68.5 %,94,67,73,4.02,2.83,1.18,3.04,3.02,40.1
322,Dan Straily,Marlins,7.24,4.25,1.70,1.49,18.9 %,11.1 %,7.8 %,63,.225,1.31,.244,77.7 %,102,132,120,4.02,5.28,-1.25,4.91,5.01,78.1
323,Carlos Carrasco,Indians,9.88,1.98,5.00,1.15,27.0 %,5.4 %,21.6 %,120,.245,1.15,.312,72.7 %,94,82,79,4.03,3.42,0.61,3.31,3.31,109.1
324,Vince Velasquez,Phillies,10.38,3.25,3.19,1.14,27.8 %,8.7 %,19.1 %,118,.221,1.19,.285,70.2 %,99,87,92,4.05,3.67,0.37,3.80,3.65,102.1
325,Kyle Hendricks,Cubs,7.13,2.55,2.79,1.35,18.9 %,6.8 %,12.2 %,95,.252,1.26,.282,75.5 %,99,109,98,4.05,4.47,-0.42,4.02,4.25,120.0
326,John Brebbia,Cardinals,9.72,2.43,4.00,0.81,25.5 %,6.4 %,19.2 %,36,.242,1.23,.312,70.7 %,102,73,97,4.05,2.98,1.07,3.96,3.34,33.1
327,Ricardo Rodriguez,Rangers,4.05,1.35,3.00,0.00,9.7 %,3.2 %,6.5 %,3,.367,1.80,.407,75.0 %,92,64,106,4.05,2.71,1.34,4.42,4.61,6.2
328,Derek Holland,Giants,9.26,3.35,2.76,1.15,24.4 %,8.8 %,15.6 %,105,.244,1.30,.301,72.8 %,104,101,98,4.06,3.93,0.13,4.04,4.01,102.0
329,Daniel Hudson,Dodgers,8.60,4.30,2.00,0.96,22.0 %,11.0 %,11.0 %,36,.228,1.35,.276,66.8 %,104,103,106,4.06,4.14,-0.08,4.36,4.21,37.2
330,Matt Andriese,Rays,8.90,2.72,3.28,1.06,23.5 %,7.2 %,16.3 %,59,.238,1.22,.291,66.0 %,100,91,86,4.07,3.71,0.36,3.58,3.44,59.2
331,Robert Gsellman,Mets,8.32,3.61,2.30,1.10,21.5 %,9.4 %,12.2 %,53,.233,1.29,.277,68.9 %,105,106,100,4.08,4.31,-0.23,4.12,3.85,57.1
332,Luis Avilan,White Sox,10.36,3.14,3.30,0.63,26.8 %,8.1 %,18.7 %,33,.259,1.36,.351,64.5 %,98,69,88,4.08,2.91,1.17,3.66,3.31,28.2
333,Adrian Houser,Brewers,5.73,4.09,1.40,0.00,15.2 %,10.9 %,4.4 %,7,.250,1.36,.303,68.8 %,98,83,126,4.09,3.52,0.57,5.15,5.00,11.0
334,Diego Castillo,Rays,9.82,4.50,2.18,0.41,26.4 %,12.1 %,14.3 %,24,.190,1.18,.259,62.5 %,100,79,93,4.09,3.20,0.89,3.87,3.77,22.0
335,Masahiro Tanaka,Yankees,8.97,2.24,4.00,1.75,24.9 %,6.2 %,18.7 %,92,.219,1.06,.245,75.5 %,97,106,85,4.09,4.58,-0.48,3.56,3.58,92.1
336,Nick Kingham,Pirates,8.53,2.21,3.86,1.74,22.7 %,5.9 %,16.8 %,54,.222,1.11,.244,73.1 %,103,116,99,4.11,4.67,-0.56,4.05,3.87,57.0
337,Brad Ziegler,Marlins,6.26,2.86,2.19,1.25,16.9 %,7.7 %,9.2 %,35,.259,1.29,.286,73.4 %,104,116,86,4.11,4.65,-0.53,3.52,3.01,50.1
338,Trevor Williams,Pirates,6.17,3.17,1.95,1.03,16.4 %,8.4 %,8.0 %,72,.233,1.24,.256,68.9 %,103,109,118,4.11,4.41,-0.30,4.84,4.93,105.0
339,Reynaldo Lopez,White Sox,6.35,3.90,1.63,1.07,16.4 %,10.1 %,6.3 %,83,.242,1.35,.269,72.4 %,99,112,134,4.13,4.77,-0.64,5.61,5.30,117.2
340,Hansel Robles,- - -,10.19,4.41,2.31,2.20,26.1 %,11.3 %,14.8 %,37,.258,1.47,.304,90.2 %,105,140,103,4.13,5.73,-1.60,4.25,3.78,32.2
341,Dominic Leone,Cardinals,10.38,2.08,5.00,2.08,27.3 %,5.5 %,21.8 %,15,.288,1.38,.353,87.0 %,105,112,83,4.15,4.54,-0.39,3.43,3.09,13.0
342,David Price,Red Sox,8.97,2.76,3.26,1.42,24.0 %,7.4 %,16.6 %,114,.242,1.22,.288,74.5 %,96,105,98,4.17,4.29,-0.11,4.11,3.91,114.1
343,Austin Pruitt,Rays,5.14,1.93,2.67,0.96,14.0 %,5.2 %,8.7 %,32,.255,1.20,.275,67.1 %,102,101,110,4.18,4.10,0.08,4.58,4.29,56.0
344,J.A. Happ,Blue Jays,10.26,2.76,3.71,1.34,27.4 %,7.4 %,20.0 %,130,.227,1.18,.284,67.4 %,99,91,87,4.18,3.84,0.34,3.62,3.50,114.0
345,Caleb Smith,Marlins,10.24,3.84,2.67,1.16,27.0 %,10.1 %,16.9 %,88,.217,1.24,.276,74.1 %,106,99,107,4.19,3.96,0.23,4.39,4.04,77.1
346,Mike Leake,Mariners,5.55,2.15,2.59,1.18,14.6 %,5.7 %,9.0 %,75,.277,1.33,.300,71.5 %,104,108,104,4.22,4.42,-0.21,4.32,4.55,121.2
347,Chasen Shreve,Yankees,11.25,4.25,2.65,2.00,28.1 %,10.6 %,17.5 %,45,.246,1.44,.303,74.2 %,100,117,88,4.25,5.05,-0.80,3.65,3.41,36.0
348,Rich Hill,Dodgers,10.13,3.52,2.88,1.61,25.8 %,9.0 %,16.8 %,69,.255,1.39,.314,80.4 %,109,116,99,4.26,4.66,-0.40,4.06,3.90,61.1
349,Nathan Eovaldi,Rays,8.37,1.26,6.63,1.74,23.7 %,3.6 %,20.1 %,53,.223,0.98,.245,72.1 %,104,105,84,4.26,4.28,-0.02,3.49,3.46,57.0
350,James Shields,White Sox,6.56,3.38,1.94,1.02,17.2 %,8.9 %,8.3 %,97,.231,1.26,.259,66.2 %,103,103,121,4.26,4.38,-0.12,5.07,4.96,133.0
351,Javy Guerra,Marlins,12.79,4.26,3.00,1.42,33.3 %,11.1 %,22.2 %,9,.125,0.95,.143,43.5 %,108,95,74,4.26,3.79,0.47,3.03,2.96,6.1
352,Tayron Guerrero,Marlins,12.15,5.40,2.25,0.68,29.4 %,13.0 %,16.3 %,54,.247,1.58,.356,67.4 %,108,85,87,4.28,3.38,0.89,3.59,3.60,40.0
353,Matt Koch,Diamondbacks,4.64,2.08,2.24,1.95,12.6 %,5.6 %,7.0 %,38,.251,1.18,.240,77.9 %,105,144,121,4.28,5.89,-1.61,4.95,5.01,73.2
354,Ivan Nova,Pirates,6.67,1.56,4.26,1.56,17.5 %,4.1 %,13.4 %,81,.270,1.26,.293,73.7 %,107,113,100,4.28,4.57,-0.28,4.10,4.19,109.1
355,Luis Garcia,Phillies,8.89,1.98,4.50,0.66,24.1 %,5.4 %,18.8 %,27,.225,1.06,.288,66.2 %,105,76,85,4.28,3.23,1.05,3.47,3.10,27.1
356,Tyson Ross,Padres,8.10,3.65,2.22,1.19,21.1 %,9.5 %,11.6 %,102,.233,1.29,.272,72.7 %,110,111,101,4.29,4.48,-0.19,4.13,4.37,113.1
357,Chris Archer,Rays,9.90,2.90,3.41,1.00,25.6 %,7.5 %,18.1 %,99,.268,1.38,.347,71.9 %,105,86,84,4.30,3.50,0.80,3.51,3.65,90.0
358,Tyler Mahle,Reds,8.55,3.89,2.20,1.61,21.6 %,9.9 %,11.8 %,101,.263,1.47,.304,76.9 %,105,118,106,4.32,4.93,-0.62,4.35,4.47,106.1
359,Eddie Butler,Cubs,5.94,3.24,1.83,0.54,15.7 %,8.6 %,7.1 %,11,.234,1.26,.269,56.1 %,105,90,102,4.32,3.70,0.62,4.19,4.08,16.2
360,Chris Martin,Rangers,7.56,1.80,4.20,0.72,19.6 %,4.7 %,15.0 %,21,.273,1.28,.329,71.4 %,98,82,94,4.32,3.48,0.84,3.94,3.61,25.0
361,Neil Ramirez,Indians,10.08,3.24,3.11,2.16,26.9 %,8.7 %,18.3 %,28,.226,1.20,.254,84.8 %,101,128,97,4.32,5.36,-1.04,4.07,3.38,25.0
362,Zack Wheeler,Mets,8.58,3.23,2.66,0.87,22.5 %,8.5 %,14.1 %,109,.246,1.30,.304,69.8 %,112,90,99,4.33,3.68,0.65,4.05,4.14,114.1
363,Tommy Hunter,Phillies,8.49,1.80,4.71,0.77,21.4 %,4.6 %,16.9 %,33,.290,1.40,.358,70.5 %,107,74,83,4.37,3.16,1.21,3.40,3.20,35.0
364,Jake Odorizzi,Twins,9.50,3.87,2.46,1.35,24.3 %,9.9 %,14.4 %,113,.249,1.39,.305,73.9 %,102,105,112,4.37,4.45,-0.07,4.67,4.33,107.0
365,Andrew Miller,Indians,14.44,6.28,2.30,0.63,34.9 %,15.2 %,19.7 %,23,.241,1.60,.400,76.3 %,102,81,86,4.40,3.37,1.03,3.60,3.39,14.1
366,Sammy Solis,Nationals,10.05,4.71,2.13,0.94,25.8 %,12.1 %,13.7 %,32,.234,1.40,.306,74.1 %,107,100,101,4.40,4.06,0.33,4.13,3.83,28.2
367,Danny Duffy,Royals,7.98,4.18,1.91,1.42,20.2 %,10.6 %,9.6 %,107,.250,1.44,.286,77.1 %,103,120,120,4.40,4.90,-0.50,5.00,4.81,120.2
368,Andrew Cashner,Orioles,7.03,3.72,1.89,1.35,17.9 %,9.5 %,8.4 %,83,.277,1.50,.313,75.8 %,104,112,112,4.40,4.82,-0.42,4.66,4.84,106.1
369,Jarlin Garcia,Marlins,5.65,3.71,1.52,2.29,15.2 %,10.0 %,5.2 %,32,.217,1.22,.194,82.2 %,111,162,123,4.41,6.45,-2.04,5.03,5.13,51.0
370,Trevor Richards,Marlins,8.18,4.15,1.97,0.65,20.7 %,10.5 %,10.2 %,63,.257,1.46,.320,71.4 %,112,96,114,4.41,3.83,0.58,4.66,4.67,69.1
371,Julio Teheran,Braves,8.26,4.34,1.91,1.64,21.9 %,11.5 %,10.4 %,101,.208,1.25,.227,75.4 %,109,130,115,4.42,5.27,-0.85,4.70,4.66,110.0
372,Brent Suter,Brewers,7.46,1.69,4.42,1.60,19.8 %,4.5 %,15.3 %,84,.254,1.19,.281,70.1 %,107,106,99,4.44,4.49,-0.05,4.05,4.10,101.1
373,Jordan Lyles,Padres,7.56,2.43,3.11,1.62,19.9 %,6.4 %,13.5 %,56,.256,1.28,.284,75.1 %,115,116,102,4.46,4.67,-0.22,4.19,4.07,66.2
374,Warwick Saupold,Tigers,4.19,3.41,1.23,1.57,10.1 %,8.2 %,1.9 %,16,.287,1.57,.289,81.9 %,104,137,127,4.46,5.81,-1.35,5.30,5.24,34.1
375,Daniel Mengden,Athletics,5.46,1.89,2.89,1.49,14.5 %,5.0 %,9.5 %,55,.243,1.17,.250,66.7 %,108,116,110,4.47,4.79,-0.32,4.60,4.76,90.2
376,Erik Kratz,Brewers,9.00,4.50,2.00,0.00,22.2 %,11.1 %,11.1 %,2,.375,2.00,.500,50.0 %,108,63,85,4.50,2.66,1.84,3.47,3.44,2.0
377,Doug Fister,Rangers,5.45,2.59,2.11,1.50,13.8 %,6.6 %,7.3 %,40,.277,1.39,.291,70.2 %,102,123,109,4.50,5.25,-0.75,4.54,4.65,66.0
378,Reymin Guduan,Astros,13.50,0.00,3.00,4.50,42.9 %,0.0 %,42.9 %,3,.143,0.50,.000,100.0 %,111,160,63,4.50,6.66,-2.16,2.61,1.48,2.0
379,Michael Fulmer,Tigers,7.47,3.05,2.45,1.13,19.8 %,8.1 %,11.7 %,93,.257,1.32,.299,69.7 %,105,101,101,4.50,4.27,0.23,4.22,4.37,112.0
380,William Cuevas,Red Sox,0.00,0.00,0.00,4.50,0.0 %,0.0 %,0.0 %,0,.250,1.00,.143,100.0 %,103,235,134,4.50,9.66,-5.16,5.61,5.14,2.0
381,Giovanny Gallegos,Yankees,9.00,2.70,3.33,1.80,25.0 %,7.5 %,17.5 %,10,.270,1.30,.320,78.4 %,106,108,88,4.50,4.66,-0.16,3.69,3.43,10.0
382,Tim Peterson,Mets,9.00,1.00,9.00,2.50,25.4 %,2.8 %,22.5 %,18,.221,0.94,.222,81.8 %,116,129,93,4.50,5.27,-0.77,3.84,3.13,18.0
383,Chris Beck,- - -,5.56,5.29,1.05,2.12,14.2 %,13.5 %,0.7 %,21,.268,1.59,.265,86.8 %,111,164,138,4.50,6.83,-2.33,5.74,5.51,34.0
384,Fernando Salas,Diamondbacks,6.75,2.93,2.31,1.13,17.7 %,7.7 %,10.0 %,30,.256,1.33,.289,72.3 %,110,106,112,4.50,4.33,0.17,4.59,4.31,40.0
385,Kyle McGrath,Padres,9.00,6.75,1.33,4.50,22.2 %,16.7 %,5.6 %,4,.200,1.50,.111,100.0 %,116,247,143,4.50,9.91,-5.41,5.86,5.23,4.0
386,Cionel Perez,Astros,11.25,6.75,1.67,0.00,27.8 %,16.7 %,11.1 %,5,.200,1.50,.300,66.7 %,111,70,80,4.50,2.91,1.59,3.32,3.80,4.0
387,Aaron Sanchez,Blue Jays,7.57,5.08,1.49,0.90,18.7 %,12.6 %,6.2 %,67,.244,1.51,.289,72.3 %,106,112,119,4.52,4.70,-0.18,4.95,5.03,79.2
388,Kevin Gausman,Orioles,7.62,2.31,3.30,1.54,19.6 %,5.9 %,13.7 %,99,.277,1.37,.313,76.6 %,107,106,97,4.54,4.58,-0.05,4.04,4.11,117.0
389,Chris Hatcher,Athletics,7.11,4.26,1.67,1.42,17.1 %,10.3 %,6.9 %,25,.292,1.67,.330,74.5 %,110,125,111,4.55,5.15,-0.60,4.64,4.54,31.2
390,Ty Blach,Giants,5.07,3.10,1.63,0.52,12.8 %,7.8 %,5.0 %,49,.298,1.55,.336,68.2 %,117,99,106,4.55,3.85,0.71,4.36,4.62,87.0
391,Chad Kuhl,Pirates,8.58,3.49,2.45,1.48,21.7 %,8.9 %,12.9 %,81,.265,1.44,.311,74.3 %,114,116,105,4.55,4.70,-0.15,4.31,4.35,85.0
392,Daniel Coulombe,Athletics,9.89,4.18,2.36,1.90,26.8 %,11.3 %,15.5 %,26,.267,1.44,.327,77.8 %,111,124,83,4.56,5.10,-0.54,3.46,3.55,23.2
393,Buck Farmer,Tigers,8.34,5.36,1.56,1.19,20.5 %,13.2 %,7.3 %,42,.271,1.65,.326,75.4 %,107,115,120,4.57,4.88,-0.31,4.99,4.69,45.1
394,Dylan Bundy,Orioles,9.64,2.91,3.31,1.91,25.1 %,7.6 %,17.5 %,116,.251,1.30,.292,73.6 %,108,112,102,4.57,4.86,-0.29,4.24,3.89,108.1
395,Nick Tropeano,Angels,7.47,3.66,2.04,1.37,19.9 %,9.8 %,10.2 %,49,.249,1.34,.282,72.7 %,113,116,115,4.58,4.75,-0.17,4.79,4.72,59.0
396,Tyler Glasnow,Pirates,12.06,5.09,2.37,0.85,30.9 %,13.0 %,17.8 %,71,.236,1.45,.341,71.8 %,115,86,79,4.58,3.46,1.13,3.25,3.37,53.0
397,Sam Gaviglio,Blue Jays,8.49,2.64,3.21,1.67,21.9 %,6.8 %,15.1 %,61,.250,1.28,.284,74.1 %,108,113,98,4.59,4.75,-0.16,4.11,3.97,64.2
398,Danny Barnes,Blue Jays,8.28,5.22,1.59,1.53,20.3 %,12.8 %,7.5 %,27,.261,1.60,.301,78.1 %,108,127,135,4.60,5.37,-0.77,5.66,4.85,29.1
399,Noe Ramirez,Angels,10.96,3.49,3.14,1.75,28.2 %,9.0 %,19.2 %,69,.239,1.31,.297,77.0 %,113,114,93,4.61,4.67,-0.07,3.88,3.26,56.2
400,David Hale,- - -,5.27,3.29,1.60,1.98,12.9 %,8.1 %,4.8 %,8,.286,1.54,.289,84.3 %,108,143,131,4.61,6.16,-1.55,5.46,4.95,13.2
401,Wade Davis,Rockies,9.88,4.61,2.14,1.10,26.5 %,12.4 %,14.1 %,45,.197,1.22,.247,66.7 %,98,97,104,4.61,4.23,0.38,4.28,3.87,41.0
402,Matt Boyd,Tigers,8.10,3.31,2.45,1.05,21.4 %,8.8 %,12.7 %,93,.221,1.20,.261,67.4 %,108,98,114,4.62,4.17,0.44,4.75,4.46,103.1
403,Mychal Givens,Orioles,10.30,4.09,2.52,0.36,26.5 %,10.5 %,16.0 %,58,.249,1.40,.346,64.6 %,109,68,98,4.62,2.92,1.70,4.08,3.64,50.2
404,Jose Urena,Marlins,7.43,2.40,3.10,0.96,19.8 %,6.4 %,13.4 %,93,.258,1.25,.305,68.3 %,117,98,96,4.63,3.93,0.70,3.94,3.99,112.2
405,Aaron Loup,Blue Jays,10.64,3.27,3.25,0.82,25.2 %,7.7 %,17.4 %,39,.300,1.64,.398,70.1 %,109,79,86,4.64,3.34,1.30,3.59,3.29,33.0
406,Drew Hutchison,Phillies,8.02,5.48,1.46,1.69,20.2 %,13.8 %,6.4 %,19,.263,1.59,.298,81.6 %,114,137,117,4.64,5.78,-1.14,4.80,4.69,21.1
407,Alex Claudio,Rangers,5.27,1.69,3.13,0.42,13.0 %,4.2 %,8.8 %,25,.344,1.66,.391,71.2 %,106,78,88,4.64,3.30,1.34,3.68,3.48,42.2
408,Zack Godley,Diamondbacks,9.30,4.65,2.00,0.98,22.9 %,11.5 %,11.5 %,114,.260,1.54,.327,70.4 %,114,103,100,4.65,4.22,0.43,4.12,4.34,110.1
409,Mike Wright,Orioles,7.50,3.83,1.96,1.00,18.2 %,9.3 %,8.9 %,45,.303,1.67,.359,73.6 %,110,103,116,4.67,4.43,0.23,4.84,4.52,54.0
410,Peter Moylan,Braves,7.67,5.67,1.35,1.33,18.6 %,13.7 %,4.8 %,23,.295,1.78,.346,81.1 %,115,136,112,4.67,5.49,-0.82,4.59,4.68,27.0
411,Tim Mayza,Blue Jays,9.35,3.63,2.57,1.56,23.1 %,9.0 %,14.1 %,18,.300,1.62,.367,80.7 %,110,112,113,4.67,4.71,-0.04,4.73,3.93,17.1
412,George Kontos,- - -,4.68,2.52,1.86,1.80,11.8 %,6.4 %,5.5 %,13,.260,1.32,.256,75.9 %,116,146,121,4.68,5.92,-1.24,4.95,4.61,25.0
413,John Axford,Blue Jays,8.81,3.75,2.35,1.13,23.3 %,9.9 %,13.4 %,47,.239,1.31,.291,67.1 %,110,100,93,4.69,4.20,0.49,3.87,3.72,48.0
414,Fernando Romero,Twins,7.28,3.07,2.37,0.97,18.2 %,7.7 %,10.5 %,45,.271,1.42,.318,70.9 %,109,103,108,4.69,4.34,0.35,4.53,4.46,55.2
415,Nick Pivetta,Phillies,10.80,2.66,4.07,1.24,27.9 %,6.9 %,21.1 %,122,.261,1.33,.341,68.7 %,115,84,82,4.69,3.55,1.14,3.35,3.36,101.2
416,Justin Haley,Red Sox,0.00,3.52,0.00,2.35,0.0 %,8.6 %,-8.6 %,0,.313,1.70,.267,88.2 %,108,188,170,4.70,7.72,-3.03,7.10,6.83,7.2
417,Jaime Schultz,Rays,16.43,7.04,2.33,0.00,46.7 %,20.0 %,26.7 %,14,.043,0.91,.111,50.0 %,115,55,100,4.70,2.24,2.45,4.16,3.28,7.2
418,Matt Bush,Rangers,7.43,5.48,1.36,1.17,17.6 %,13.0 %,4.6 %,19,.250,1.61,.286,74.7 %,107,124,125,4.70,5.29,-0.59,5.23,4.92,23.0
419,Will Harris,Astros,10.90,2.48,4.40,0.74,29.0 %,6.6 %,22.4 %,44,.262,1.29,.362,66.2 %,116,66,59,4.71,2.72,1.99,2.45,2.58,36.1
420,Marco Estrada,Blue Jays,7.03,2.51,2.80,1.51,18.6 %,6.6 %,11.9 %,70,.264,1.32,.292,72.2 %,111,109,124,4.72,4.61,0.11,5.20,4.90,89.2
421,Jorge De La Rosa,Diamondbacks,6.82,4.72,1.44,1.57,16.9 %,11.7 %,5.2 %,26,.267,1.57,.291,77.3 %,116,136,114,4.72,5.57,-0.86,4.68,4.65,34.1
422,Cole Hamels,Rangers,8.97,3.31,2.71,1.81,22.7 %,8.4 %,14.3 %,114,.257,1.37,.296,72.4 %,108,122,100,4.72,5.19,-0.47,4.17,4.09,114.1
423,Francisco Liriano,Tigers,7.42,5.16,1.44,1.29,19.3 %,13.5 %,5.9 %,69,.235,1.43,.267,73.5 %,111,122,118,4.73,5.20,-0.47,4.92,5.18,83.2
424,Matt Shoemaker,Angels,6.35,6.35,1.00,0.00,16.7 %,16.7 %,0.0 %,4,.200,1.41,.250,62.5 %,117,94,120,4.76,3.86,0.90,5.02,5.90,5.2
425,Jason Adam,Royals,9.53,3.57,2.67,2.38,24.7 %,9.3 %,15.5 %,24,.244,1.32,.268,84.8 %,112,145,115,4.76,5.94,-1.17,4.80,3.84,22.2
426,Rob Zastryzny,Cubs,4.76,6.35,0.75,0.00,11.5 %,15.4 %,-3.9 %,3,.286,1.76,.333,72.7 %,116,115,144,4.76,4.75,0.02,5.90,5.94,5.2
427,Harrison Musgrave,Rockies,6.35,5.08,1.25,1.27,16.8 %,13.5 %,3.4 %,20,.196,1.27,.205,70.1 %,101,123,133,4.76,5.38,-0.62,5.45,5.23,28.1
428,Joe Kelly,Red Sox,8.93,4.79,1.86,0.65,23.2 %,12.4 %,10.7 %,41,.197,1.26,.250,63.0 %,110,96,102,4.79,3.93,0.86,4.25,4.14,41.1
429,Luke Weaver,Cardinals,8.24,3.45,2.39,1.09,21.1 %,8.8 %,12.3 %,98,.254,1.38,.303,69.0 %,121,101,104,4.79,4.11,0.68,4.27,4.38,107.0
430,Ryan Madson,Nationals,7.82,3.79,2.07,0.76,19.5 %,9.4 %,10.1 %,31,.287,1.57,.349,68.2 %,117,95,107,4.79,3.86,0.94,4.37,4.19,35.2
431,Shane Bieber,Indians,8.80,1.60,5.50,1.20,22.6 %,4.1 %,18.5 %,44,.308,1.44,.378,71.7 %,112,86,86,4.80,3.60,1.20,3.57,3.59,45.0
432,Brandon Woodruff,Brewers,9.30,3.30,2.82,1.20,24.6 %,8.7 %,15.9 %,31,.228,1.23,.278,64.8 %,115,95,89,4.80,4.02,0.78,3.65,3.63,30.0
433,Clayton Richard,Padres,6.73,3.61,1.86,0.85,17.6 %,9.4 %,8.1 %,95,.249,1.35,.289,66.8 %,124,107,100,4.82,4.31,0.51,4.12,4.37,127.0
434,Adalberto Mejia,Twins,3.86,4.82,0.80,0.96,8.7 %,10.9 %,-2.2 %,4,.341,2.04,.361,79.6 %,112,125,152,4.82,5.30,-0.48,6.36,6.41,9.1
435,Jackson Stephens,Reds,7.39,2.89,2.56,1.93,17.0 %,6.7 %,10.4 %,23,.320,1.75,.354,64.9 %,117,128,106,4.82,5.37,-0.55,4.34,4.18,28.0
436,Addison Reed,Twins,8.12,2.85,2.85,1.76,21.0 %,7.4 %,13.6 %,37,.288,1.44,.330,76.8 %,112,120,119,4.83,5.06,-0.23,4.95,4.16,41.0
437,Cody Allen,Indians,10.76,3.73,2.88,1.76,28.2 %,9.8 %,18.4 %,49,.222,1.24,.271,75.3 %,112,116,106,4.83,4.84,-0.01,4.42,3.50,41.0
438,Mike Minor,Rangers,7.25,2.16,3.36,1.55,19.2 %,5.7 %,13.5 %,84,.251,1.22,.276,68.7 %,110,110,112,4.83,4.68,0.15,4.66,4.38,104.1
439,Tyler Chatwood,Cubs,7.86,7.96,0.99,0.81,18.8 %,19.0 %,-0.2 %,78,.233,1.75,.282,74.9 %,118,132,135,4.84,5.43,-0.59,5.53,6.03,89.1
440,Tony Cingrani,Dodgers,14.51,2.42,6.00,0.81,39.6 %,6.6 %,33.0 %,36,.205,1.03,.333,58.6 %,124,54,56,4.84,2.17,2.66,2.32,1.88,22.1
441,Brad Brach,Orioles,8.77,4.38,2.00,0.92,20.5 %,10.3 %,10.3 %,38,.301,1.77,.371,71.0 %,114,93,104,4.85,4.00,0.84,4.35,4.16,39.0
442,Sam Freeman,Braves,9.69,5.54,1.75,0.69,25.5 %,14.6 %,10.9 %,42,.216,1.38,.287,63.7 %,120,99,96,4.85,4.00,0.84,3.92,4.09,39.0
443,Bartolo Colon,Rangers,5.17,1.46,3.56,1.78,13.7 %,3.9 %,9.9 %,64,.269,1.24,.272,71.4 %,110,120,106,4.85,5.11,-0.26,4.41,4.61,111.1
444,Tanner Roark,Nationals,7.69,3.38,2.28,1.18,19.7 %,8.6 %,11.0 %,98,.262,1.40,.306,71.0 %,118,111,110,4.87,4.51,0.36,4.50,4.50,114.2
445,Adam Plutko,Indians,6.42,2.43,2.64,2.43,17.2 %,6.5 %,10.7 %,29,.259,1.28,.254,82.0 %,113,145,128,4.87,6.06,-1.19,5.35,4.97,40.2
446,Steven Brault,Pirates,8.01,5.56,1.44,0.95,19.9 %,13.9 %,6.1 %,59,.237,1.51,.284,71.7 %,122,121,125,4.88,4.88,0.01,5.13,4.95,66.1
447,Troy Scribner,Diamondbacks,9.82,14.73,0.67,0.00,19.1 %,28.6 %,-9.5 %,4,.267,2.73,.364,80.0 %,120,144,166,4.91,5.88,-0.97,6.78,7.86,3.2
448,Yacksel Rios,Phillies,8.06,2.81,2.88,1.40,20.7 %,7.2 %,13.5 %,23,.267,1.36,.311,73.3 %,121,108,97,4.91,4.56,0.35,4.00,3.71,25.2
449,Kyle Crockett,Reds,11.05,2.45,4.50,0.00,25.7 %,5.7 %,20.0 %,9,.303,1.64,.417,50.0 %,120,36,75,4.91,1.52,3.39,3.08,3.13,7.1
450,Brandon McCarthy,Braves,7.44,2.40,3.10,1.72,19.2 %,6.2 %,13.0 %,65,.296,1.46,.332,74.5 %,121,118,91,4.92,4.78,0.14,3.74,4.08,78.2
451,Chris Stratton,Giants,6.80,3.35,2.03,1.02,17.6 %,8.7 %,8.9 %,73,.273,1.44,.314,66.9 %,126,111,110,4.93,4.31,0.63,4.52,4.76,96.2
452,Artie Lewicki,Tigers,6.39,3.19,2.00,1.16,15.9 %,8.0 %,8.0 %,22,.307,1.61,.347,67.6 %,115,106,111,4.94,4.48,0.46,4.65,4.59,31.0
453,A.J. Cole,- - -,10.45,3.48,3.00,2.03,27.7 %,9.2 %,18.5 %,36,.237,1.29,.280,76.2 %,120,120,93,4.94,4.93,0.00,3.84,3.48,31.0
454,Adam Morgan,Phillies,8.56,4.28,2.00,1.65,21.3 %,10.7 %,10.7 %,26,.257,1.50,.295,70.6 %,121,120,103,4.94,5.06,-0.12,4.24,4.06,27.1
455,Dylan Covey,White Sox,6.79,3.96,1.71,0.85,16.9 %,9.9 %,7.0 %,48,.264,1.49,.305,62.1 %,119,101,104,4.95,4.29,0.66,4.35,4.56,63.2
456,Yu Darvish,Cubs,11.03,4.73,2.33,1.58,27.2 %,11.7 %,15.6 %,49,.232,1.43,.293,72.3 %,121,118,103,4.95,4.86,0.09,4.22,4.08,40.0
457,Trevor Gott,Nationals,6.61,4.41,1.50,1.10,17.4 %,11.6 %,5.8 %,12,.237,1.35,.267,66.0 %,121,126,113,4.96,5.12,-0.16,4.62,4.35,16.1
458,Ken Giles,Astros,9.10,0.88,10.33,0.59,24.0 %,2.3 %,21.7 %,31,.286,1.27,.366,60.8 %,123,55,78,4.99,2.28,2.71,3.24,2.99,30.2
459,German Marquez,Rockies,9.33,3.33,2.80,1.42,23.5 %,8.4 %,15.1 %,112,.264,1.43,.320,69.3 %,106,99,92,5.00,4.35,0.65,3.77,3.94,108.0
460,Jerry Blevins,Mets,8.10,5.40,1.50,1.54,19.8 %,13.2 %,6.6 %,21,.247,1.54,.281,77.8 %,129,142,157,5.01,5.77,-0.76,6.41,5.34,23.1
461,Jakob Junis,Royals,8.35,2.56,3.27,2.04,21.4 %,6.6 %,14.9 %,98,.255,1.30,.279,76.5 %,118,131,107,5.03,5.36,-0.34,4.48,4.12,105.2
462,Paul Sewald,Mets,9.22,2.85,3.23,1.54,24.1 %,7.5 %,16.7 %,42,.250,1.29,.297,67.9 %,130,107,110,5.05,4.35,0.70,4.52,3.77,41.0
463,Ryan Weber,Rays,1.69,3.38,0.50,0.00,4.0 %,8.0 %,-4.0 %,1,.227,1.31,.238,37.5 %,124,110,151,5.06,4.47,0.59,6.31,5.72,5.1
464,Jake Barrett,Diamondbacks,8.44,1.69,5.00,1.69,21.7 %,4.4 %,17.4 %,5,.318,1.50,.375,75.8 %,124,104,90,5.06,4.28,0.78,3.68,3.15,5.1
465,Ray Black,Giants,11.81,6.75,1.75,1.69,35.0 %,20.0 %,15.0 %,7,.063,0.94,.000,55.6 %,130,134,128,5.06,5.22,-0.16,5.23,4.63,5.1
466,Chris Volstad,White Sox,5.68,2.23,2.55,1.62,14.4 %,5.6 %,8.7 %,28,.298,1.47,.317,72.2 %,122,122,103,5.08,5.19,-0.11,4.32,3.94,44.1
467,Pablo Lopez,Marlins,7.83,2.74,2.86,1.57,21.3 %,7.5 %,13.8 %,20,.221,1.13,.242,65.4 %,129,118,91,5.09,4.72,0.36,3.74,3.85,23.0
468,Zach McAllister,Indians,7.30,1.99,3.67,1.55,19.0 %,5.2 %,13.8 %,33,.280,1.35,.315,67.1 %,119,108,100,5.09,4.51,0.58,4.16,3.87,40.2
469,Chad Bettis,Rockies,6.51,3.59,1.82,1.42,16.9 %,9.3 %,7.6 %,69,.259,1.40,.283,71.6 %,108,116,111,5.10,5.08,0.02,4.56,4.77,95.1
470,Ian Kennedy,Royals,8.27,3.23,2.56,1.71,20.9 %,8.2 %,12.7 %,87,.268,1.44,.304,72.5 %,120,120,111,5.13,4.90,0.23,4.62,4.49,94.2
471,Felix Hernandez,Mariners,7.67,3.10,2.47,1.31,19.4 %,7.9 %,11.6 %,94,.259,1.37,.298,67.1 %,127,113,106,5.14,4.64,0.50,4.43,4.39,110.1
472,Randall Delgado,Diamondbacks,2.57,3.86,0.67,2.57,6.5 %,9.7 %,-3.2 %,2,.250,1.43,.208,83.3 %,126,185,180,5.14,7.59,-2.44,7.37,6.49,7.0
473,Luke Farrell,Cubs,11.20,4.60,2.44,2.01,27.7 %,11.4 %,16.3 %,39,.242,1.47,.295,67.2 %,126,126,107,5.17,5.20,-0.03,4.38,3.77,31.1
474,Daniel Gossett,Athletics,4.44,2.96,1.50,1.85,11.8 %,7.8 %,3.9 %,12,.269,1.36,.263,74.1 %,126,145,130,5.18,5.95,-0.77,5.43,5.46,24.1
475,Sal Romano,Reds,6.40,3.55,1.80,1.64,16.1 %,8.9 %,7.2 %,74,.260,1.43,.276,70.7 %,126,128,114,5.19,5.35,-0.16,4.67,4.89,104.0
476,Matt Harvey,- - -,6.73,2.27,2.96,1.61,17.4 %,5.9 %,11.5 %,71,.266,1.32,.289,69.0 %,130,119,109,5.21,4.94,0.27,4.48,4.44,95.0
477,Yimi Garcia,Dodgers,7.58,1.42,5.33,2.84,18.6 %,3.5 %,15.1 %,16,.309,1.47,.322,69.4 %,134,159,114,5.21,6.37,-1.16,4.67,3.83,19.0
478,Andrew Triggs,Athletics,9.36,3.92,2.39,1.52,23.6 %,9.9 %,13.7 %,43,.230,1.33,.270,70.5 %,127,117,103,5.23,4.80,0.42,4.30,4.18,41.1
479,Lance Lynn,Twins,9.06,5.70,1.59,1.03,21.9 %,13.8 %,8.1 %,97,.263,1.66,.327,70.9 %,122,111,105,5.23,4.68,0.55,4.40,4.75,96.1
480,Zach Davies,Brewers,6.49,3.56,1.82,1.47,16.3 %,9.0 %,7.4 %,31,.266,1.44,.290,71.2 %,126,126,117,5.23,5.30,-0.06,4.78,4.84,43.0
481,Eric Lauer,Padres,7.93,3.86,2.06,1.32,19.2 %,9.3 %,9.8 %,72,.307,1.70,.361,70.9 %,136,116,111,5.29,4.66,0.63,4.55,4.70,81.2
482,Luis Castillo,Reds,8.37,2.98,2.81,1.57,21.6 %,7.7 %,13.9 %,101,.262,1.36,.302,67.5 %,129,111,97,5.30,4.65,0.65,4.00,4.12,108.2
483,Odrisamer Despaigne,Marlins,7.97,3.54,2.25,0.44,19.8 %,8.8 %,11.0 %,18,.268,1.48,.333,50.7 %,134,84,99,5.31,3.35,1.96,4.08,4.18,20.1
484,Sonny Gray,Yankees,8.53,3.94,2.17,1.13,21.2 %,9.8 %,11.4 %,91,.265,1.49,.320,69.1 %,126,102,102,5.34,4.42,0.93,4.26,4.37,96.0
485,Michael Feliz,Pirates,10.71,4.19,2.56,1.16,26.6 %,10.4 %,16.2 %,46,.260,1.50,.340,65.4 %,134,97,97,5.35,3.93,1.42,3.98,3.63,38.2
486,Dan Otero,Indians,6.98,0.93,7.50,1.86,18.4 %,2.5 %,16.0 %,30,.268,1.19,.286,62.5 %,125,114,74,5.35,4.76,0.59,3.08,2.77,38.2
487,Robbie Ray,Diamondbacks,12.58,4.70,2.68,2.01,31.3 %,11.7 %,19.6 %,75,.254,1.51,.336,75.9 %,132,122,93,5.37,5.00,0.36,3.83,3.66,53.2
488,Cody Reed,Reds,12.60,1.80,7.00,3.60,30.4 %,4.4 %,26.1 %,7,.227,1.20,.231,31.3 %,132,147,79,5.40,6.16,-0.76,3.24,2.83,5.0
489,Anthony DeSclafani,Reds,7.63,2.79,2.73,2.61,20.0 %,7.3 %,12.7 %,41,.259,1.32,.261,77.1 %,132,149,108,5.40,6.22,-0.82,4.45,4.38,48.1
490,Matt Wisler,Braves,7.09,1.69,4.20,2.03,18.8 %,4.5 %,14.3 %,21,.280,1.31,.300,71.4 %,133,125,114,5.40,5.07,0.33,4.66,4.34,26.2
491,Chih-Wei Hu,Rays,8.10,0.90,9.00,1.80,23.1 %,2.6 %,20.5 %,9,.184,0.80,.185,38.5 %,132,104,102,5.40,4.26,1.14,4.27,3.73,10.0
492,Luke Bard,Angels,10.03,3.86,2.60,3.09,24.5 %,9.4 %,15.1 %,13,.222,1.29,.214,88.7 %,133,181,125,5.40,7.44,-2.04,5.23,3.85,11.2
493,Marcus Stroman,Blue Jays,7.27,3.45,2.11,0.99,18.6 %,8.8 %,9.8 %,59,.270,1.45,.315,61.6 %,128,99,91,5.42,4.16,1.27,3.81,4.04,73.0
494,Jon Gray,Rockies,11.33,2.72,4.17,1.00,28.5 %,6.8 %,21.6 %,125,.278,1.44,.376,64.0 %,115,69,69,5.44,3.05,2.39,2.84,3.20,99.1
495,Brett Anderson,Athletics,5.46,2.73,2.00,1.21,13.3 %,6.7 %,6.7 %,18,.339,1.72,.373,69.6 %,133,117,111,5.46,4.81,0.65,4.65,4.68,29.2
496,Jake Faria,Rays,6.99,4.15,1.68,1.32,18.2 %,10.8 %,7.4 %,37,.230,1.32,.254,65.8 %,134,125,129,5.48,5.09,0.39,5.37,5.14,47.2
497,Jake Thompson,Phillies,8.31,4.15,2.00,0.69,20.3 %,10.2 %,10.2 %,12,.245,1.46,.300,56.8 %,136,87,109,5.54,3.70,1.84,4.45,4.23,13.0
498,Antonio Senzatela,Rockies,6.56,2.78,2.36,0.76,16.9 %,7.1 %,9.7 %,26,.255,1.32,.295,58.0 %,118,89,105,5.55,3.89,1.67,4.30,4.21,35.2
499,Burch Smith,Royals,9.18,4.32,2.13,1.62,23.6 %,11.1 %,12.5 %,51,.258,1.46,.308,70.5 %,131,123,109,5.58,5.02,0.56,4.57,4.13,50.0
500,Austin Brice,Reds,8.16,3.09,2.64,1.69,20.9 %,7.9 %,13.0 %,29,.278,1.44,.319,65.7 %,137,120,99,5.63,5.00,0.62,4.04,3.74,32.0
501,Danny Farquhar,White Sox,10.13,0.00,9.00,3.38,31.0 %,0.0 %,31.0 %,9,.207,0.75,.176,55.6 %,135,136,71,5.63,5.78,-0.16,2.95,2.22,8.0
502,Corey Oswalt,Mets,6.04,2.42,2.50,1.61,16.9 %,6.7 %,10.1 %,15,.195,0.99,.190,51.7 %,145,125,105,5.64,5.08,0.56,4.29,4.39,22.1
503,Wei-Yin Chen,Marlins,7.04,3.58,1.97,1.38,17.7 %,9.0 %,8.7 %,61,.272,1.49,.304,66.9 %,143,121,121,5.65,4.82,0.83,4.94,4.88,78.0
504,Domingo German,Yankees,10.38,3.50,2.97,1.64,26.5 %,8.9 %,17.6 %,95,.238,1.32,.291,64.1 %,134,105,95,5.68,4.53,1.15,3.97,3.75,82.1
505,Aaron Slegers,Twins,3.55,1.42,2.50,2.13,8.9 %,3.6 %,5.4 %,5,.302,1.42,.289,74.3 %,132,146,135,5.68,6.16,-0.47,5.66,5.31,12.2
506,Brandon Mann,Rangers,1.42,5.68,0.25,1.42,3.6 %,14.3 %,-10.7 %,1,.217,1.42,.190,69.8 %,129,170,211,5.68,7.26,-1.58,8.82,8.19,6.1
507,Brett Cecil,Cardinals,5.32,6.85,0.78,0.76,12.4 %,15.9 %,-3.5 %,14,.305,1.99,.342,67.9 %,144,132,158,5.70,5.35,0.35,6.46,6.19,23.2
508,Merandy Gonzalez,Marlins,8.31,4.15,2.00,1.56,19.5 %,9.8 %,9.8 %,16,.311,1.79,.364,74.6 %,144,124,112,5.71,4.95,0.77,4.58,4.35,17.1
509,Jacob Rhame,Mets,6.89,2.30,3.00,2.30,17.9 %,6.0 %,11.9 %,12,.270,1.34,.277,71.4 %,148,140,130,5.74,5.71,0.03,5.31,4.60,15.2
510,Mark Leiter,Phillies,7.47,2.87,2.60,2.30,18.1 %,6.9 %,11.1 %,13,.273,1.47,.286,76.1 %,141,141,95,5.74,5.97,-0.22,3.90,3.80,15.2
511,Pierce Johnson,Giants,6.25,4.50,1.39,0.75,16.7 %,12.0 %,4.7 %,25,.205,1.25,.231,53.9 %,147,112,131,5.75,4.35,1.40,5.36,5.06,36.0
512,Erick Fedde,Nationals,6.11,2.89,2.11,1.61,15.7 %,7.4 %,8.3 %,19,.330,1.64,.364,71.8 %,141,126,96,5.79,5.09,0.70,3.93,4.39,28.0
513,Akeel Morris,Angels,4.50,5.14,0.88,1.93,10.8 %,12.3 %,-1.5 %,7,.316,1.86,.319,78.0 %,143,162,143,5.79,6.66,-0.87,5.97,5.84,14.0
514,Hector Santiago,White Sox,7.75,5.43,1.43,1.94,18.7 %,13.1 %,5.6 %,60,.279,1.71,.308,75.3 %,140,145,145,5.81,6.17,-0.36,6.05,5.29,69.2
515,Jaime Garcia,Blue Jays,8.17,4.71,1.74,1.66,20.1 %,11.6 %,8.5 %,59,.265,1.57,.301,68.0 %,137,129,119,5.82,5.45,0.37,4.96,4.85,65.0
516,Daniel Norris,Tigers,10.57,5.28,2.00,1.76,24.7 %,12.3 %,12.3 %,18,.254,1.63,.310,73.4 %,137,125,110,5.87,5.31,0.56,4.58,4.24,15.1
517,Juan Nicasio,Mariners,11.50,0.94,12.25,0.94,29.7 %,2.4 %,27.3 %,49,.296,1.33,.406,54.9 %,145,59,75,5.87,2.43,3.44,3.12,2.47,38.1
518,Edward Paredes,Dodgers,9.39,2.35,4.00,2.35,24.2 %,6.1 %,18.2 %,8,.233,1.17,.250,69.4 %,151,140,138,5.87,5.64,0.23,5.65,4.43,7.2
519,Tim Hill,Royals,8.69,3.41,2.55,1.24,21.5 %,8.5 %,13.1 %,28,.274,1.48,.329,58.4 %,138,107,90,5.90,4.36,1.53,3.75,3.50,29.0
520,Boone Logan,Brewers,11.81,8.44,1.40,2.53,24.1 %,17.2 %,6.9 %,14,.319,2.34,.400,87.2 %,142,173,148,5.91,7.28,-1.38,6.08,4.90,10.2
521,Wilmer Font,- - -,7.36,3.27,2.25,2.45,18.8 %,8.3 %,10.4 %,36,.263,1.41,.268,73.6 %,148,153,117,5.93,6.22,-0.29,4.87,4.44,44.0
522,Kevin Jepsen,Rangers,4.32,5.94,0.73,2.16,10.4 %,14.3 %,-3.9 %,8,.231,1.56,.208,65.4 %,135,175,144,5.94,7.48,-1.54,6.02,5.98,16.2
523,Luiz Gohara,Braves,8.24,3.66,2.25,1.37,22.0 %,9.8 %,12.2 %,18,.216,1.22,.245,55.6 %,147,112,125,5.95,4.53,1.42,5.12,4.49,19.2
524,Jake McGee,Rockies,8.31,2.60,3.20,1.56,20.7 %,6.5 %,14.2 %,32,.287,1.47,.333,62.8 %,127,105,108,5.97,4.60,1.37,4.42,3.84,34.2
525,Josh Ravin,Braves,3.00,6.00,0.50,0.00,7.1 %,14.3 %,-7.1 %,1,.182,1.33,.200,60.0 %,148,136,201,6.00,5.49,0.51,8.21,6.79,3.0
526,Drew Anderson,Phillies,6.00,1.50,4.00,0.00,14.8 %,3.7 %,11.1 %,4,.308,1.50,.364,55.6 %,148,55,103,6.00,2.32,3.68,4.23,4.44,6.0
527,Ben Taylor,Indians,12.00,1.50,8.00,3.00,32.0 %,4.0 %,28.0 %,8,.250,1.17,.286,71.4 %,140,127,63,6.00,5.32,0.68,2.62,2.26,6.0
528,Ryan Dull,Athletics,8.50,2.50,3.40,1.50,22.4 %,6.6 %,15.8 %,17,.296,1.44,.353,64.2 %,146,104,92,6.00,4.27,1.73,3.83,3.63,18.0
529,David Hess,Orioles,5.33,3.67,1.45,2.02,13.2 %,9.1 %,4.1 %,29,.279,1.53,.280,71.4 %,143,144,143,6.06,6.24,-0.18,5.99,5.61,49.0
530,Lucas Giolito,White Sox,5.60,5.27,1.06,1.48,13.9 %,13.0 %,0.8 %,68,.243,1.51,.252,66.3 %,147,144,148,6.09,6.11,-0.02,6.18,5.93,109.1
531,Brock Stewart,Dodgers,7.13,4.58,1.56,2.04,15.6 %,10.0 %,5.6 %,14,.291,1.81,.311,66.9 %,157,159,129,6.11,6.38,-0.27,5.29,4.94,17.2
532,Deck McGuire,- - -,7.56,5.40,1.40,2.88,18.3 %,13.0 %,5.2 %,21,.255,1.60,.246,77.9 %,148,186,136,6.12,7.68,-1.56,5.67,5.17,25.0
533,Jason Hammel,Royals,5.70,2.68,2.13,1.17,13.8 %,6.5 %,7.3 %,68,.312,1.63,.342,62.5 %,144,112,125,6.12,4.56,1.56,5.24,5.07,107.1
534,Elieser Hernandez,Marlins,5.52,3.89,1.42,1.43,14.0 %,9.8 %,4.2 %,27,.289,1.57,.309,66.5 %,155,134,146,6.14,5.36,0.78,5.97,5.60,44.0
535,Wandy Peralta,Reds,6.44,7.67,0.84,0.31,14.6 %,17.4 %,-2.8 %,21,.265,1.91,.316,63.6 %,149,118,144,6.14,4.93,1.21,5.88,5.89,29.1
536,Luke Gregerson,Cardinals,8.49,3.86,2.20,1.54,21.6 %,9.8 %,11.8 %,11,.261,1.46,.303,63.4 %,155,118,90,6.17,4.79,1.39,3.68,3.72,11.2
537,Alex Cobb,Orioles,6.17,2.58,2.39,1.57,15.2 %,6.3 %,8.8 %,67,.305,1.57,.331,61.6 %,145,116,111,6.17,5.03,1.14,4.62,4.63,97.2
538,Phil Hughes,- - -,9.11,3.25,2.80,2.93,21.7 %,7.8 %,14.0 %,28,.305,1.66,.333,81.4 %,152,159,113,6.18,6.55,-0.37,4.69,4.07,27.2
539,Joe Biagini,Blue Jays,6.80,2.80,2.43,2.00,16.4 %,6.7 %,9.6 %,34,.319,1.67,.347,70.3 %,146,134,108,6.20,5.67,0.53,4.52,4.29,45.0
540,Alan Busenitz,Twins,10.38,4.85,2.14,2.08,23.1 %,10.8 %,12.3 %,15,.339,2.00,.421,75.6 %,145,140,121,6.23,5.93,0.30,5.06,4.10,13.0
541,Jeff Samardzija,Giants,6.04,5.24,1.15,1.21,14.5 %,12.6 %,1.9 %,30,.263,1.63,.287,64.6 %,160,140,150,6.25,5.44,0.81,6.14,5.92,44.2
542,Matt Bowman,Cardinals,10.17,4.30,2.36,1.57,23.9 %,10.1 %,13.8 %,26,.299,1.74,.373,70.6 %,158,117,93,6.26,4.72,1.54,3.81,3.72,23.0
543,Ben Meyer,Marlins,5.02,3.77,1.33,0.00,12.7 %,9.5 %,3.2 %,8,.273,1.47,.319,52.2 %,159,93,130,6.28,3.71,2.56,5.31,5.05,14.1
544,Josh Lucas,Athletics,8.79,5.65,1.56,0.63,21.2 %,13.6 %,7.6 %,14,.286,1.74,.366,61.0 %,152,102,112,6.28,4.20,2.08,4.66,4.53,14.1
545,Homer Bailey,Reds,6.03,3.41,1.77,1.97,14.5 %,8.2 %,6.3 %,46,.296,1.63,.309,67.4 %,153,140,122,6.29,5.84,0.45,5.02,5.13,68.2
546,Tyler Duffey,Twins,6.35,0.79,8.00,3.18,16.0 %,2.0 %,14.0 %,8,.286,1.32,.270,63.8 %,148,156,103,6.35,6.60,-0.25,4.32,3.95,11.1
547,Ryan Sherriff,Cardinals,4.76,3.18,1.50,1.59,11.1 %,7.4 %,3.7 %,3,.333,1.76,.350,72.9 %,160,148,125,6.35,5.98,0.37,5.13,4.47,5.2
548,Ryan Carpenter,Tigers,4.97,2.13,2.33,2.84,11.7 %,5.0 %,6.7 %,7,.309,1.58,.295,73.2 %,150,173,124,6.39,7.34,-0.95,5.17,5.11,12.2
549,AJ Ramos,Mets,10.07,6.86,1.47,1.37,25.0 %,17.1 %,8.0 %,22,.233,1.63,.292,64.8 %,165,127,131,6.41,5.19,1.22,5.37,4.90,19.2
550,Chris O'Grady,Marlins,10.29,5.14,2.00,2.57,25.0 %,12.5 %,12.5 %,8,.250,1.57,.278,73.2 %,162,158,126,6.43,6.30,0.13,5.15,4.40,7.0
551,Daniel Stumpf,Tigers,8.14,6.00,1.36,0.43,18.6 %,13.7 %,4.9 %,19,.307,1.95,.382,65.7 %,150,93,125,6.43,3.97,2.46,5.21,5.01,21.0
552,Austin Bibens-Dirkx,Rangers,6.23,2.54,2.45,1.62,15.2 %,6.2 %,9.0 %,27,.315,1.59,.344,64.7 %,147,125,121,6.46,5.34,1.13,5.06,4.83,39.0
553,Carlos Torres,Nationals,8.38,2.79,3.00,2.79,22.0 %,7.3 %,14.6 %,9,.243,1.24,.240,68.2 %,159,162,95,6.52,6.57,-0.05,3.89,3.64,9.2
554,Matt Belisle,- - -,6.66,1.75,3.80,1.05,16.5 %,4.4 %,12.2 %,19,.306,1.48,.349,58.7 %,155,96,102,6.66,4.01,2.65,4.28,3.88,25.2
555,Tanner Scott,Orioles,13.66,4.76,2.87,1.27,32.6 %,11.4 %,21.2 %,43,.293,1.73,.435,65.3 %,157,85,67,6.67,3.65,3.02,2.80,2.99,28.1
556,Brian Duensing,Cubs,5.81,6.97,0.83,1.16,13.8 %,16.6 %,-2.8 %,20,.250,1.74,.271,62.8 %,163,145,148,6.68,5.96,0.71,6.08,6.04,31.0
557,Eric Skoglund,Royals,7.07,2.54,2.79,1.81,18.0 %,6.5 %,11.5 %,39,.278,1.39,.302,61.7 %,157,131,112,6.70,5.35,1.35,4.67,4.47,49.2
558,Mike Morin,Mariners,13.50,2.25,6.00,0.00,33.3 %,5.6 %,27.8 %,6,.353,1.75,.545,57.1 %,167,23,51,6.75,0.91,5.84,2.13,2.35,4.0
559,Enyel De Los Santos,Phillies,6.75,3.38,2.00,1.69,17.0 %,8.5 %,8.5 %,8,.286,1.50,.313,63.4 %,166,130,120,6.75,5.50,1.25,4.90,4.84,10.2
560,Robert Stock,Padres,14.85,0.00,11.00,0.00,33.3 %,0.0 %,33.3 %,11,.387,1.80,.600,64.3 %,174,18,48,6.75,0.76,5.99,1.98,1.67,6.2
561,Tommy La Stella,Cubs,0.00,0.00,0.00,6.75,0.0 %,0.0 %,0.0 %,0,.500,2.25,.400,100.0 %,165,315,197,6.75,12.91,-6.16,8.06,8.41,1.1
562,Glenn Sparkman,Royals,8.44,5.06,1.67,0.00,19.2 %,11.5 %,7.7 %,5,.304,1.88,.389,60.0 %,158,73,101,6.75,2.97,3.78,4.19,4.29,5.1
563,Ryan Cook,Mariners,13.50,5.79,2.33,2.89,31.8 %,13.6 %,18.2 %,14,.243,1.61,.300,76.3 %,167,160,87,6.75,6.59,0.16,3.63,3.39,9.1
564,Chris Rusin,Rockies,7.71,4.54,1.70,1.59,19.0 %,11.2 %,7.8 %,34,.268,1.56,.302,57.2 %,144,124,111,6.81,5.40,1.41,4.55,4.34,39.2
565,Ben Lively,Phillies,8.37,3.80,2.20,1.52,19.1 %,8.7 %,10.4 %,22,.333,1.86,.395,70.1 %,168,122,126,6.85,5.14,1.70,5.15,4.75,23.2
566,Jefry Rodriguez,Nationals,7.78,5.49,1.42,1.83,18.7 %,13.2 %,5.5 %,17,.273,1.68,.304,68.0 %,167,153,138,6.86,6.21,0.66,5.64,5.22,19.2
567,Hector Neris,Phillies,12.30,3.30,3.73,3.30,30.6 %,8.2 %,22.4 %,41,.287,1.53,.343,76.0 %,170,151,87,6.90,6.39,0.51,3.58,2.99,30.0
568,Drew Pomeranz,Red Sox,8.64,4.97,1.74,1.94,20.5 %,11.8 %,8.7 %,40,.308,1.82,.358,67.8 %,159,139,118,6.91,5.70,1.21,4.93,4.87,41.2
569,Nick Goody,Indians,9.26,3.86,2.40,3.09,20.7 %,8.6 %,12.1 %,12,.288,1.71,.306,77.9 %,162,169,130,6.94,7.10,-0.16,5.44,4.32,11.2
570,Marc Rzepczynski,- - -,9.58,8.71,1.10,1.74,19.3 %,17.5 %,1.8 %,11,.340,2.52,.412,64.7 %,172,156,117,6.97,6.45,0.52,4.88,5.06,10.1
571,Bryan Shaw,Rockies,9.00,4.95,1.82,1.80,21.1 %,11.6 %,9.5 %,40,.315,1.88,.375,59.6 %,148,124,101,6.98,5.41,1.57,4.15,4.13,40.0
572,Josh Tomlin,Indians,5.51,1.84,3.00,3.86,13.3 %,4.4 %,8.9 %,30,.297,1.49,.261,73.0 %,163,198,133,6.98,8.30,-1.32,5.56,5.04,49.0
573,Drew VerHagen,Tigers,8.58,3.18,2.70,1.27,23.1 %,8.6 %,14.5 %,27,.236,1.24,.280,46.1 %,164,100,103,6.99,4.25,2.74,4.32,3.72,28.1
574,Luis Perdomo,Padres,7.47,4.58,1.63,0.96,16.9 %,10.4 %,6.6 %,31,.323,1.90,.381,62.9 %,180,116,122,6.99,4.66,2.33,5.01,5.04,37.1
575,Derek Law,Giants,10.00,4.00,2.50,0.00,21.7 %,8.7 %,13.0 %,10,.293,1.78,.387,47.1 %,179,67,112,7.00,2.60,4.40,4.60,3.93,9.0
576,Tommy Kahnle,Yankees,10.00,10.00,1.00,1.00,22.7 %,22.7 %,0.0 %,10,.176,1.78,.217,34.3 %,165,132,137,7.00,5.71,1.29,5.72,6.02,9.0
577,Oliver Drake,- - -,9.47,3.51,2.70,0.70,22.5 %,8.3 %,14.2 %,27,.330,1.79,.425,61.1 %,168,81,89,7.01,3.35,3.66,3.68,3.68,25.2
578,Bryan Mitchell,Padres,4.28,6.52,0.66,1.68,9.7 %,14.8 %,-5.1 %,23,.315,2.03,.321,69.8 %,182,173,148,7.08,6.92,0.15,6.06,6.35,48.1
579,Kazuhisa Makita,Padres,9.79,3.04,3.22,2.36,24.6 %,7.6 %,17.0 %,29,.271,1.43,.310,56.3 %,183,140,100,7.09,5.63,1.46,4.12,3.73,26.2
580,Jimmy Yacabonis,Orioles,8.74,5.56,1.57,1.59,20.4 %,13.0 %,7.4 %,11,.319,1.94,.382,67.7 %,168,124,118,7.15,5.36,1.78,4.94,4.96,11.1
581,Paul Blackburn,Athletics,6.18,1.95,3.17,0.65,16.0 %,5.0 %,10.9 %,19,.297,1.41,.344,47.1 %,174,87,105,7.16,3.59,3.57,4.36,4.40,27.2
582,Dillon Peters,Marlins,5.53,4.88,1.13,1.30,13.2 %,11.6 %,1.6 %,17,.301,1.77,.326,63.1 %,181,139,130,7.16,5.54,1.61,5.32,5.59,27.2
583,Yovani Gallardo,- - -,5.20,4.21,1.24,1.24,13.0 %,10.5 %,2.5 %,21,.290,1.62,.311,55.8 %,167,122,122,7.18,5.19,1.99,5.07,5.40,36.1
584,John Lamb,Angels,9.90,3.60,2.75,3.60,22.0 %,8.0 %,14.0 %,11,.326,1.90,.355,67.2 %,177,179,110,7.20,7.36,-0.16,4.61,4.27,10.0
585,Luis Santos,Blue Jays,10.80,4.50,2.40,0.90,26.1 %,10.9 %,15.2 %,12,.341,1.90,.464,62.5 %,170,85,93,7.20,3.56,3.64,3.89,3.81,10.0
586,Braden Shipley,Diamondbacks,5.40,3.60,1.50,0.00,14.3 %,9.5 %,4.8 %,3,.222,1.20,.267,42.9 %,177,92,132,7.20,3.76,3.44,5.39,4.84,5.0
587,Trevor Oaks,Royals,6.59,3.95,1.67,0.66,15.4 %,9.2 %,6.2 %,10,.356,1.98,.417,62.5 %,170,97,118,7.24,3.96,3.28,4.92,4.97,13.2
588,Liam Hendriks,Athletics,9.82,5.73,1.71,2.45,21.8 %,12.7 %,9.1 %,12,.354,2.18,.424,75.8 %,179,156,115,7.36,6.43,0.93,4.82,4.50,11.0
589,Brandon Finnegan,Reds,6.10,6.53,0.93,2.18,13.6 %,14.6 %,-1.0 %,14,.307,2.03,.319,62.9 %,180,171,151,7.40,7.12,0.28,6.19,6.15,20.2
590,Tyler Olson,Indians,12.00,4.00,3.00,2.00,29.3 %,9.8 %,19.5 %,24,.284,1.61,.370,55.6 %,175,113,87,7.50,4.71,2.79,3.64,3.24,18.0
591,Hoby Milner,- - -,9.00,7.50,1.20,3.00,18.2 %,15.2 %,3.0 %,6,.296,2.17,.316,62.5 %,184,204,160,7.50,8.49,-0.99,6.61,5.31,6.0
592,Anthony Swarzak,Mets,9.72,5.40,1.80,2.70,23.1 %,12.8 %,10.3 %,18,.338,1.98,.400,73.1 %,195,164,118,7.56,6.70,0.86,4.86,4.37,16.2
593,Kendall Graveman,Athletics,7.08,3.41,2.08,2.36,17.1 %,8.2 %,8.9 %,27,.306,1.66,.324,57.3 %,185,151,105,7.60,6.22,1.39,4.38,4.44,34.1
594,Brooks Pounders,Rockies,9.98,1.17,8.50,1.76,23.6 %,2.8 %,20.8 %,17,.368,1.76,.458,64.5 %,162,97,89,7.63,4.27,3.36,3.64,3.12,15.1
595,Matt Moore,Rangers,6.81,4.16,1.64,1.26,15.4 %,9.4 %,6.0 %,54,.333,1.92,.379,59.4 %,175,119,132,7.70,5.06,2.63,5.51,5.12,71.1
596,Roberto Gomez,Giants,7.71,0.96,8.00,0.00,16.3 %,2.0 %,14.3 %,8,.426,2.25,.513,50.0 %,198,53,93,7.71,2.09,5.63,3.84,3.49,9.1
597,Eduardo Paredes,Angels,7.16,3.31,2.17,2.76,16.5 %,7.6 %,8.9 %,13,.342,1.90,.364,70.8 %,190,162,124,7.71,6.65,1.07,5.17,4.49,16.1
598,Gabriel Moya,Twins,12.86,2.57,5.00,3.86,33.3 %,6.7 %,26.7 %,10,.214,1.14,.200,52.6 %,180,159,84,7.71,6.73,0.99,3.49,2.59,7.0
599,Ariel Jurado,Rangers,3.86,3.86,1.00,0.00,9.1 %,9.1 %,0.0 %,2,.300,1.71,.333,50.0 %,176,84,136,7.71,3.59,4.13,5.69,5.70,4.2
600,Nestor Cortes,Orioles,5.79,7.71,0.75,3.86,11.5 %,15.4 %,-3.9 %,3,.455,3.00,.471,89.3 %,182,231,165,7.71,10.01,-2.30,6.89,6.11,4.2
601,Pedro Araujo,Orioles,9.32,5.79,1.61,2.89,22.3 %,13.9 %,8.5 %,29,.264,1.68,.278,68.7 %,182,171,133,7.71,7.41,0.31,5.56,4.66,28.0
602,Evan Marshall,Indians,11.57,5.14,2.25,0.00,24.3 %,10.8 %,13.5 %,9,.375,2.29,.522,64.7 %,180,65,82,7.71,2.73,4.99,3.43,3.41,7.0
603,Andrew Kittredge,Rays,6.14,4.09,1.50,1.23,14.4 %,9.6 %,4.8 %,15,.319,1.82,.355,55.9 %,190,121,111,7.77,4.93,2.84,4.64,4.65,22.0
604,Luke Sims,Braves,8.71,6.97,1.25,1.74,19.2 %,15.4 %,3.9 %,10,.279,1.94,.323,65.9 %,194,157,140,7.84,6.35,1.49,5.73,5.16,10.1
605,Nick Rumbelow,Mariners,6.97,1.74,4.00,4.35,16.7 %,4.2 %,12.5 %,8,.333,1.65,.313,81.8 %,194,213,135,7.84,8.77,-0.93,5.64,4.54,10.1
606,Kevin Shackelford,Reds,7.88,4.50,1.75,0.00,17.1 %,9.8 %,7.3 %,7,.361,2.13,.448,55.6 %,192,78,125,7.88,3.28,4.59,5.12,4.60,8.0
607,Greg Holland,Cardinals,7.92,7.92,1.00,0.36,16.7 %,16.7 %,0.0 %,22,.309,2.24,.379,51.3 %,199,112,146,7.92,4.56,3.36,6.00,5.72,25.0
608,Tyler Thornburg,Red Sox,9.53,1.59,6.00,1.59,24.0 %,4.0 %,20.0 %,6,.292,1.41,.353,45.5 %,183,94,93,7.94,3.86,4.08,3.88,3.35,5.2
609,Gregory Infante,White Sox,6.00,8.00,0.75,0.00,14.3 %,19.1 %,-4.8 %,6,.353,2.22,.429,60.0 %,193,106,151,8.00,4.49,3.51,6.31,6.45,9.0
610,Martin Perez,Rangers,5.45,4.15,1.31,2.34,12.4 %,9.4 %,2.9 %,21,.368,2.08,.385,68.4 %,183,161,131,8.05,6.88,1.17,5.48,5.36,34.2
611,Carson Fulmer,White Sox,8.07,6.68,1.21,2.23,17.7 %,14.6 %,3.1 %,29,.274,1.89,.296,62.0 %,194,171,156,8.07,7.27,0.80,6.53,5.73,32.1
612,Casey Lawrence,Mariners,8.10,4.50,1.80,0.00,18.8 %,10.4 %,8.3 %,9,.293,1.70,.375,52.6 %,200,84,130,8.10,3.46,4.64,5.42,4.49,10.0
613,Daniel Descalso,Diamondbacks,5.40,2.70,2.00,5.40,13.3 %,6.7 %,6.7 %,2,.286,1.50,.200,90.9 %,199,261,190,8.10,10.66,-2.56,7.76,6.87,3.1
614,Tyler Beede,Giants,10.57,9.39,1.13,0.00,22.5 %,20.0 %,2.5 %,9,.290,2.22,.409,61.1 %,211,111,137,8.22,4.33,3.89,5.61,5.83,7.2
615,P.J. Conlon,Mets,5.87,2.35,2.50,2.35,13.2 %,5.3 %,7.9 %,5,.417,2.22,.448,70.4 %,212,148,132,8.22,6.03,2.19,5.41,5.16,7.2
616,Josh Osich,Giants,7.50,5.25,1.43,1.50,16.4 %,11.5 %,4.9 %,10,.385,2.25,.450,68.7 %,211,152,128,8.25,5.91,2.34,5.24,4.77,12.0
617,Pat Venditte,Dodgers,8.31,2.08,4.00,2.08,16.7 %,4.2 %,12.5 %,4,.364,2.08,.412,69.8 %,213,142,139,8.31,5.70,2.61,5.71,4.21,4.1
618,Bruce Rondon,White Sox,12.13,8.19,1.48,0.30,26.0 %,17.5 %,8.4 %,40,.294,2.16,.424,55.0 %,204,88,113,8.49,3.73,4.76,4.72,4.70,29.2
619,Chad Bell,Tigers,8.59,2.45,3.50,1.23,19.4 %,5.6 %,13.9 %,7,.412,2.18,.500,61.6 %,201,90,87,8.59,3.84,4.75,3.63,3.63,7.1
620,Jason Vargas,Mets,7.65,3.35,2.29,2.63,17.8 %,7.8 %,10.0 %,32,.337,1.83,.367,63.6 %,222,162,124,8.60,6.61,1.99,5.07,4.73,37.2
621,Tyler Lyons,Cardinals,10.26,4.32,2.38,1.62,22.9 %,9.6 %,13.3 %,19,.329,1.92,.412,60.4 %,217,124,116,8.64,5.02,3.62,4.74,4.01,16.2
622,Tyler Cloyd,Marlins,6.62,5.09,1.30,1.53,14.9 %,11.5 %,3.5 %,13,.329,1.98,.367,59.8 %,219,145,148,8.66,5.76,2.90,6.05,5.33,17.2
623,Brett Graves,Marlins,3.86,3.86,1.00,0.00,8.9 %,8.9 %,0.0 %,4,.368,1.93,.412,57.1 %,219,114,128,8.68,4.55,4.13,5.25,4.92,9.1
624,Cliff Pennington,Reds,9.00,18.00,0.50,0.00,16.7 %,33.3 %,-16.7 %,1,.250,3.00,.333,66.7 %,219,171,215,9.00,7.16,1.84,8.79,9.16,1.0
625,Jeff Mathis,Diamondbacks,9.00,0.00,1.00,9.00,25.0 %,0.0 %,25.0 %,1,.250,1.00,.000,100.0 %,221,347,108,9.00,14.16,-5.16,4.42,4.45,1.0
626,Pedro Florimon,Phillies,0.00,4.50,0.00,4.50,0.0 %,12.5 %,-12.5 %,0,.143,1.00,.000,0.0 %,221,265,194,9.00,11.16,-2.16,7.92,8.24,2.0
627,Rex Brothers,Braves,0.00,18.00,0.00,0.00,0.0 %,100.0 %,-100.0 %,0,.000,2.00,.000,50.0 %,222,226,224,9.00,9.16,-0.16,9.16,,0.0
628,Jedd Gyorko,Cardinals,0.00,0.00,0.00,9.00,0.0 %,0.0 %,0.0 %,0,.400,2.00,.250,100.0 %,226,475,231,9.00,19.16,-10.16,9.42,5.51,1.0
629,Zach Neal,Dodgers,0.00,0.00,0.00,9.00,0.0 %,0.0 %,0.0 %,0,.400,2.00,.250,100.0 %,231,403,197,9.00,16.16,-7.16,8.06,7.73,1.0
630,Taylor Motter,Mariners,9.00,9.00,1.00,9.00,16.7 %,16.7 %,0.0 %,1,.250,2.00,.000,100.0 %,223,489,249,9.00,20.16,-11.16,10.42,6.50,1.0
631,Victor Caratini,Cubs,0.00,0.00,0.00,4.50,0.0 %,0.0 %,0.0 %,0,.375,1.50,.286,62.5 %,220,235,137,9.00,9.66,-0.66,5.61,6.03,2.0
632,J.D. Davis,Astros,9.00,0.00,1.00,9.00,25.0 %,0.0 %,25.0 %,1,.250,1.00,.000,100.0 %,222,340,106,9.00,14.16,-5.16,4.42,3.28,1.0
633,Junichi Tazawa,Marlins,10.80,5.85,1.85,2.70,24.2 %,13.1 %,11.1 %,24,.326,2.05,.393,61.4 %,227,166,126,9.00,6.61,2.39,5.16,4.45,20.0
634,Mike Dunn,Rockies,6.35,9.53,0.67,0.53,14.5 %,21.7 %,-7.2 %,12,.338,2.35,.404,59.6 %,191,130,167,9.00,5.69,3.31,6.84,6.92,17.0
635,Jake Jewell,Angels,4.50,4.50,1.00,0.00,9.1 %,9.1 %,0.0 %,1,.250,1.50,.286,60.0 %,222,162,198,9.00,6.66,2.34,8.29,5.48,2.0
636,Adam Kolarek,Rays,2.08,2.08,1.00,0.00,4.8 %,4.8 %,0.0 %,2,.359,1.85,.378,47.1 %,229,92,134,9.35,3.73,5.61,5.62,5.15,8.2
637,Jeff Hoffman,Rockies,5.19,7.27,0.71,0.00,11.4 %,15.9 %,-4.6 %,5,.405,2.54,.469,59.1 %,198,101,126,9.35,4.43,4.92,5.18,5.82,8.2
638,JC Ramirez,Angels,5.40,9.45,0.57,4.05,12.1 %,21.2 %,-9.1 %,4,.269,2.10,.211,61.2 %,233,267,169,9.45,10.96,-1.51,7.07,7.59,6.2
639,Walker Lockett,Padres,6.35,9.53,0.67,0.00,13.3 %,20.0 %,-6.7 %,4,.333,2.47,.400,57.1 %,245,123,134,9.53,4.92,4.61,5.50,6.04,5.2
640,Aaron Wilkerson,Brewers,10.00,3.00,3.33,4.00,23.3 %,7.0 %,16.3 %,10,.308,1.67,.320,57.7 %,240,191,117,10.00,8.05,1.95,4.81,3.93,9.0
641,Erasmo Ramirez,Mariners,5.59,0.93,6.00,6.52,13.3 %,2.2 %,11.1 %,6,.326,1.55,.233,80.7 %,253,290,129,10.24,11.95,-1.71,5.41,4.78,9.2
642,Zac Reininger,Tigers,5.14,6.43,0.80,2.57,11.8 %,14.7 %,-2.9 %,4,.345,2.14,.348,57.4 %,241,185,127,10.29,7.87,2.41,5.32,5.89,7.0
643,D.J. Snelten,Giants,8.31,6.23,1.33,4.15,15.4 %,11.5 %,3.9 %,4,.391,2.77,.412,65.2 %,266,242,119,10.38,9.39,1.00,4.90,4.35,4.1
644,Chris Tillman,Orioles,4.39,5.74,0.76,2.03,9.5 %,12.4 %,-2.9 %,13,.356,2.21,.364,55.1 %,247,167,153,10.46,7.24,3.22,6.40,6.31,26.2
645,Miguel Socolovich,Braves,7.20,3.60,2.00,0.00,16.0 %,8.0 %,8.0 %,4,.348,2.00,.421,40.0 %,267,68,123,10.80,2.76,8.04,5.04,4.58,5.0
646,Kevin Quackenbush,Reds,7.00,6.00,1.17,3.00,15.6 %,13.3 %,2.2 %,7,.333,2.11,.345,54.1 %,268,190,141,11.00,7.93,3.07,5.78,5.38,9.0
647,Josh Smoker,Pirates,3.18,7.94,0.40,3.18,6.5 %,16.1 %,-9.7 %,2,.423,2.82,.409,68.2 %,278,241,202,11.12,9.69,1.43,8.27,7.40,5.2
648,Shelby Miller,Diamondbacks,11.40,4.20,2.71,3.00,25.0 %,9.2 %,15.8 %,19,.348,2.07,.422,41.7 %,280,155,89,11.40,6.36,5.04,3.66,3.87,15.0
649,Drew Gagnon,Mets,5.79,1.93,3.00,3.86,13.0 %,4.4 %,8.7 %,3,.350,1.71,.333,55.6 %,298,230,144,11.57,9.37,2.20,5.90,4.96,4.2
650,Evan Phillips,Braves,3.86,7.71,0.50,5.79,8.7 %,17.4 %,-8.7 %,2,.263,1.93,.143,62.5 %,286,327,205,11.57,13.23,-1.66,8.37,7.18,4.2
651,Jeff Beliveau,Indians,3.86,9.64,0.40,3.86,7.7 %,19.2 %,-11.5 %,2,.350,2.57,.313,68.6 %,269,279,206,11.57,11.73,-0.16,8.61,7.32,4.2
652,Preston Guilmet,- - -,7.20,3.60,2.00,5.40,15.4 %,7.7 %,7.7 %,8,.375,2.20,.353,66.2 %,283,253,140,11.70,10.56,1.14,5.86,5.03,10.0
653,Blaine Boyer,Royals,3.92,5.23,0.75,2.61,8.7 %,11.5 %,-2.9 %,9,.337,2.08,.325,34.7 %,276,190,136,11.76,7.80,3.96,5.69,5.58,20.2
654,Dovydas Neverauskas,Pirates,10.54,5.93,1.78,2.63,23.2 %,13.0 %,10.1 %,16,.339,2.12,.410,49.2 %,296,169,120,11.85,6.82,5.04,4.92,4.38,13.2
655,Johnny Barbato,Tigers,2.70,6.75,0.40,4.05,5.6 %,13.9 %,-8.3 %,2,.367,2.40,.320,62.5 %,284,261,219,12.15,11.11,1.04,9.18,7.61,6.2
656,Dennis Santana,Dodgers,9.82,2.45,4.00,0.00,21.1 %,5.3 %,15.8 %,4,.353,1.91,.462,37.5 %,315,65,74,12.27,2.61,9.66,3.06,3.49,3.2
657,Miguel Gonzalez,White Sox,3.65,4.38,0.83,2.92,7.6 %,9.1 %,-1.5 %,5,.400,2.43,.392,49.2 %,299,189,148,12.41,8.02,4.38,6.19,6.15,12.1
658,Gerson Bautista,Mets,6.23,10.38,0.60,4.15,12.0 %,20.0 %,-8.0 %,3,.400,3.00,.400,68.6 %,321,276,202,12.46,11.23,1.23,8.25,7.03,4.1
659,Jose Valdez,Giants,7.20,1.80,4.00,5.40,16.7 %,4.2 %,12.5 %,4,.348,1.80,.313,41.7 %,323,257,100,12.60,9.96,2.64,4.12,3.93,5.0
660,Enny Romero,- - -,9.00,5.40,1.67,3.60,16.4 %,9.8 %,6.6 %,10,.426,2.90,.475,53.3 %,301,207,150,12.60,8.46,4.14,6.20,4.82,10.0
661,Tyler Webb,Padres,7.20,5.40,1.33,3.60,16.7 %,12.5 %,4.2 %,4,.286,1.80,.267,32.3 %,324,213,154,12.60,8.56,4.04,6.30,5.19,5.0
662,Chris Flexen,Mets,4.26,8.53,0.50,2.84,7.5 %,15.0 %,-7.5 %,3,.424,3.16,.429,44.0 %,330,237,204,12.79,9.63,3.16,8.36,6.87,6.1
663,Jalen Beeks,Red Sox,7.11,5.68,1.25,1.42,14.7 %,11.8 %,2.9 %,5,.379,2.37,.435,48.0 %,294,146,144,12.79,6.00,6.79,6.01,5.51,6.1
664,Cory Spangenberg,Padres,0.00,13.50,0.00,0.00,0.0 %,25.0 %,-25.0 %,0,.444,3.50,.444,57.1 %,348,191,247,13.50,7.66,5.84,10.11,10.10,2.0
665,Jen-Ho Tseng,Cubs,13.50,0.00,3.00,4.50,30.0 %,0.0 %,30.0 %,3,.400,2.00,.500,38.5 %,330,162,43,13.50,6.66,6.84,1.79,2.21,2.0
666,Justin Grimm,Royals,5.68,9.95,0.57,1.42,11.9 %,20.9 %,-9.0 %,8,.321,2.45,.349,42.6 %,317,177,183,13.50,7.26,6.24,7.66,7.16,12.2
667,Dillon Maples,Cubs,16.20,8.10,2.00,2.70,35.3 %,17.7 %,17.7 %,6,.308,2.10,.500,45.5 %,330,172,101,13.50,7.06,6.44,4.14,3.75,3.1
668,Ryan LaMarre,Twins,0.00,0.00,0.00,13.50,0.0 %,0.0 %,0.0 %,0,.333,1.50,.000,100.0 %,314,534,193,13.50,22.66,-9.16,8.06,7.34,0.2
669,Brandon Maurer,Royals,5.25,8.25,0.64,3.00,10.0 %,15.7 %,-5.7 %,7,.424,3.00,.438,55.9 %,334,221,175,14.25,9.07,5.18,7.33,6.43,12.0
670,Austin Voth,Nationals,6.23,6.23,1.00,2.08,12.0 %,12.0 %,0.0 %,3,.409,2.77,.444,47.2 %,354,169,149,14.54,6.85,7.69,6.11,5.68,4.1
671,Yohander Mendez,Rangers,2.45,4.91,0.50,2.45,4.8 %,9.5 %,-4.8 %,1,.421,2.73,.412,46.5 %,335,183,165,14.73,7.79,6.93,6.92,6.64,3.2
672,Robby Scott,Red Sox,7.71,3.86,2.00,3.86,15.4 %,7.7 %,7.7 %,2,.300,1.71,.286,43.5 %,355,265,227,15.43,10.87,4.56,9.50,5.44,2.1
673,Kris Medlen,Diamondbacks,9.00,9.00,1.00,0.00,16.0 %,16.0 %,0.0 %,4,.429,3.25,.529,46.2 %,386,101,151,15.75,4.16,11.59,6.20,5.91,4.0
674,Jacob Turner,Marlins,3.18,7.94,0.40,1.59,5.7 %,14.3 %,-8.6 %,2,.433,3.18,.444,48.2 %,401,186,216,15.88,7.39,8.49,8.85,6.98,5.2
675,Jose Ramirez,Braves,9.95,11.37,0.88,0.00,18.4 %,21.1 %,-2.6 %,7,.321,2.68,.429,36.8 %,421,140,189,17.05,5.68,11.37,7.75,6.32,6.1
676,Andrew Romine,Mariners,0.00,9.00,0.00,0.00,0.0 %,16.7 %,-16.7 %,0,.400,3.00,.400,33.3 %,445,150,186,18.00,6.16,11.84,7.79,7.11,1.0
677,Jake Smolinski,Athletics,0.00,0.00,0.00,9.00,0.0 %,0.0 %,0.0 %,0,.400,2.00,.250,0.0 %,437,391,193,18.00,16.16,1.84,8.06,6.68,1.0
678,Alexi Ogando,Indians,9.00,27.00,0.33,0.00,12.5 %,37.5 %,-25.0 %,1,.400,5.00,.500,60.0 %,419,242,281,18.00,10.16,7.84,11.79,10.84,1.0
679,Chase Whitley,Braves,9.00,9.00,1.00,9.00,16.7 %,16.7 %,0.0 %,1,.400,3.00,.333,62.5 %,444,425,222,18.00,17.16,0.84,9.06,6.50,1.0
680,Miguel Almonte,Angels,9.00,0.00,1.00,9.00,20.0 %,0.0 %,20.0 %,1,.400,2.00,.333,0.0 %,444,344,106,18.00,14.16,3.84,4.42,3.74,1.0
681,Tanner Anderson,Pirates,3.00,12.00,0.25,0.00,4.8 %,19.1 %,-14.3 %,1,.529,4.33,.563,46.2 %,450,161,172,18.00,6.49,11.51,7.03,7.27,3.0
682,Zack Littell,Twins,2.70,16.20,0.17,2.70,4.2 %,25.0 %,-20.8 %,1,.412,3.90,.400,55.6 %,440,301,258,18.90,12.76,6.14,10.82,9.31,3.1
683,J.J. Hoover,Brewers,0.00,13.50,0.00,6.75,0.0 %,20.0 %,-20.0 %,0,.500,4.50,.429,65.2 %,487,415,247,20.25,17.41,2.84,10.11,8.58,1.1
684,Eric Stout,Royals,7.71,7.71,1.00,7.71,12.5 %,12.5 %,0.0 %,2,.500,3.86,.500,32.3 %,543,370,130,23.14,15.16,7.99,5.41,5.27,2.1
685,Tyler Kinley,Twins,10.80,10.80,1.00,5.40,17.4 %,17.4 %,0.0 %,4,.474,3.90,.538,39.2 %,566,287,163,24.30,12.16,12.14,6.81,5.59,3.1
686,Tanner Rainey,Reds,9.00,15.43,0.58,5.14,15.6 %,26.7 %,-11.1 %,7,.394,3.57,.409,30.9 %,595,329,223,24.43,13.73,10.70,9.10,7.83,7.0
687,Chris Gimenez,Cubs,9.00,9.00,1.00,9.00,16.7 %,16.7 %,0.0 %,1,.400,3.00,.333,0.0 %,659,419,181,27.00,17.16,9.84,7.42,6.50,1.0
688,Jesmuel Valentin,Phillies,9.00,18.00,0.50,9.00,14.3 %,28.6 %,-14.3 %,1,.400,4.00,.333,38.5 %,664,479,215,27.00,20.16,6.84,8.79,8.23,1.0
689,Buddy Baumann,- - -,10.80,18.90,0.57,2.70,14.8 %,25.9 %,-11.1 %,4,.450,4.80,.533,20.6 %,696,270,257,27.00,10.96,16.04,10.49,7.71,3.1
690,Parker Bridwell,Angels,0.00,0.00,0.00,16.20,0.0 %,0.0 %,0.0 %,0,.583,4.20,.444,35.7 %,798,645,169,32.40,26.56,5.84,7.08,5.77,1.2
691,Zack Weiss,Reds,0.00,18.00,0.00,18.00,0.0 %,50.0 %,-50.0 %,0,1.000,4.00,.000,0.0 %,877,844,264,36.00,35.16,0.84,10.79,,0.0
692,John Curtiss,Twins,13.50,27.00,0.50,0.00,16.7 %,33.3 %,-16.7 %,1,.500,6.00,.667,25.0 %,943,216,277,40.50,9.16,31.34,11.61,9.16,0.2
693,Jerry Vasto,Rockies,13.50,13.50,1.00,0.00,16.7 %,16.7 %,0.0 %,1,.600,6.00,.750,25.0 %,859,106,174,40.50,4.66,35.84,7.11,5.73,0.2
694,Chris Rowley,Blue Jays,0.00,13.50,0.00,13.50,0.0 %,16.7 %,-16.7 %,0,.400,4.50,.250,-62.5 %,954,642,241,40.50,27.16,13.34,10.11,6.17,0.2
695,Willians Astudillo,Twins,0.00,0.00,0.00,18.00,0.0 %,0.0 %,0.0 %,0,.625,5.00,.500,0.0 %,1048,687,231,45.00,29.16,15.84,9.69,7.58,1.0
696,Drew Butera,Royals,0.00,81.00,0.00,0.00,0.0 %,50.0 %,-50.0 %,0,.667,15.00,.667,60.0 %,1267,735,719,54.00,30.16,23.84,30.16,16.11,0.1
697,Jesus Sucre,Rays,0.00,0.00,0.00,0.00,0.0 %,0.0 %,0.0 %,0,.750,9.00,.750,33.3 %,1322,78,193,54.00,3.16,50.84,8.06,3.65,0.1
698,Jeremy Bleich,Athletics,27.00,0.00,1.00,0.00,25.0 %,0.0 %,25.0 %,1,.667,6.00,1.000,33.3 %,1311,149,264,54.00,6.16,47.84,11.06,3.28,0.1
699,Mike Zagurski,Brewers,18.00,18.00,1.00,0.00,20.0 %,20.0 %,0.0 %,2,.625,7.00,.833,0.0 %,1514,122,166,63.00,5.16,57.84,6.79,5.32,1.0
700,Enrique Hernandez,Dodgers,0.00,54.00,0.00,27.00,0.0 %,50.0 %,-50.0 %,0,.500,9.00,.000,0.0 %,2079,1503,759,81.00,60.16,20.84,30.96,17.91,0.1
